Cultivar,Culture,Location,Pflanzen/Parzelle,mean_Knollenmasse_kgFW,median_Knollenmasse_kgFW,cv_Knollenmasse_kgFW,mean_Staerkegehalt_g/kg,median_Staerkegehalt_g/kg,cv_Staerkegehalt_g/kg,mean_Staerkeertrag_g/plant,median_Staerkeertrag_g/plant,cv_Staerkeertrag_g/plant,mean_Staerkeertrag_kg/ha,median_Staerkeertrag_kg/ha,cv_Staerkeertrag_kg/ha,Dev_Staerkeertrag_median_plant,Dev_Staerkeertrag_median_ha
382,47107,5544,20,36.35,36.35,0.0811554332875,158.0,158.0,0.0189873417722,287.6075,287.6075,0.0999886998774,11620.5050505,11620.5050505,0.0999886998774,25.95,1048.48484848
382,47109,5541,16,17.95,17.95,0.0863509749304,145.0,145.0,0.0344827586207,163.15625,163.15625,0.120475004788,7251.38888889,7251.38888889,0.120475004788,78.9875,3510.55555556
382,47110,5546,20,17.85,17.85,0.00280112044818,130.5,130.5,0.0498084291188,116.4875,116.4875,0.0526022105376,3882.91666667,3882.91666667,0.0526022105376,131.8375,4394.58333333
382,47111,5540,16,24.55,24.55,0.0224032586558,152.0,152.0,0.0131578947368,233.29375,233.29375,0.035550673775,10368.6111111,10368.6111111,0.035550673775,121.59375,5404.16666667
382,47112,5542,20,31.85,31.85,0.0800627943485,143.5,143.5,0.0383275261324,229.225,229.225,0.118028138292,10187.7777778,10187.7777778,0.118028138292,119.53,5312.44444444
382,47114,5543,16,16.55,16.55,0.0755287009063,121.5,121.5,0.0288065843621,125.403125,125.403125,0.0468239926238,5066.79292929,5066.79292929,0.0468239926238,87.55,3537.37373737
382,47115,5539,20,29.0,29.0,0.0206896551724,161.5,161.5,0.0030959752322,234.16,234.16,0.0175948069696,10407.1111111,10407.1111111,0.0175948069696,18.79,835.111111111
382,47117,5545,20,38.075,38.075,0.037426132633,125.0,125.0,0.128,239.10875,239.10875,0.164637429621,9660.95959596,9660.95959596,0.164637429621,113.5325,4587.17171717
2673,47107,5544,20,31.0,31.0,0.0225806451613,170.0,170.0,0.0176470588235,263.605,263.605,0.0402116803551,10650.7070707,10650.7070707,0.0402116803551,49.9525,2018.28282828
2673,47109,5541,16,20.75,20.75,0.0265060240964,143.5,143.5,0.00348432055749,186.084375,186.084375,0.0230238299159,8270.41666667,8270.41666667,0.0230238299159,56.059375,2491.52777778
2673,47110,5546,20,24.5,24.5,0.151020408163,130.0,130.0,0.00769230769231,159.065,159.065,0.143494797724,5302.16666667,5302.16666667,0.143494797724,89.26,2975.33333333
2673,47111,5540,16,29.7,29.7,0.0,144.5,144.5,0.00346020761246,268.228125,268.228125,0.00346020761246,11921.25,11921.25,0.00346020761246,86.659375,3851.52777778
2673,47112,5542,20,41.8,41.8,0.0191387559809,138.0,138.0,0.036231884058,288.22,288.22,0.0171049892443,12809.7777778,12809.7777778,0.0171049892443,60.535,2690.44444444
2673,47114,5543,16,22.85,22.85,0.0809628008753,174.0,174.0,0.0229885057471,248.95625,248.95625,0.103758190445,10058.8383838,10058.8383838,0.103758190445,-36.003125,-1454.67171717
2673,47115,5539,20,32.75,32.75,0.0809160305344,145.5,145.5,0.0171821305842,238.5875,238.5875,0.0979619636402,10603.8888889,10603.8888889,0.0979619636402,14.3625,638.333333333
2673,47117,5545,20,43.25,43.25,0.0473988439306,137.0,137.0,0.0510948905109,296.98,296.98,0.0982557747996,11999.1919192,11999.1919192,0.0982557747996,55.66125,2248.93939394
2674,47107,5544,20,39.05,39.05,0.0294494238156,158.5,158.5,0.00946372239748,309.5575,309.5575,0.0389023040954,12507.3737374,12507.3737374,0.0389023040954,4.0,161.616161616
2674,47109,5541,16,25.35,25.35,0.0335305719921,125.0,125.0,0.024,197.8875,197.8875,0.00953824774177,8795.0,8795.0,0.00953824774177,44.25625,1966.94444444
2674,47110,5546,20,27.55,27.55,0.0127041742287,110.5,110.5,0.0769230769231,152.065,152.065,0.0642817216322,5068.83333333,5068.83333333,0.0642817216322,96.26,3208.66666667
2674,47111,5540,16,33.0,33.0,0.0242424242424,134.0,134.0,0.0149253731343,276.275,276.275,0.00932042349109,12278.8888889,12278.8888889,0.00932042349109,78.6125,3493.88888889
2674,47112,5542,20,49.45,49.45,0.0394337714863,127.5,127.5,0.00392156862745,315.2925,315.2925,0.0433486365835,14013.0,14013.0,0.0433486365835,33.4625,1487.22222222
2674,47114,5543,16,23.45,23.45,0.108742004264,121.5,121.5,0.0288065843621,177.515625,177.515625,0.080186603292,7172.34848485,7172.34848485,0.080186603292,35.4375,1431.81818182
2674,47115,5539,20,32.65,32.65,0.0260336906585,142.0,142.0,0.0352112676056,231.6025,231.6025,0.00918599756048,10293.4444444,10293.4444444,0.00918599756048,21.3475,948.777777778
2674,47117,5545,20,53.45,53.45,0.0289990645463,132.5,132.5,0.00377358490566,354.145,354.145,0.0327690635192,14308.8888889,14308.8888889,0.0327690635192,-1.50375,-60.7575757576
2675,47107,5544,20,27.45,27.45,0.0418943533698,203.5,203.5,0.022113022113,279.045,279.045,0.0197996738877,11274.5454545,11274.5454545,0.0197996738877,34.5125,1394.44444444
2675,47109,5541,16,18.35,18.35,0.00817438692098,178.0,178.0,0.0,204.14375,204.14375,0.00817438692098,9073.05555556,9073.05555556,0.00817438692098,38.0,1688.88888889
2675,47110,5546,20,29.8,29.8,0.0201342281879,169.0,169.0,0.0295857988166,251.96,251.96,0.0496904270519,8398.66666667,8398.66666667,0.0496904270519,-3.635,-121.166666667
2675,47111,5540,16,26.55,26.55,0.0433145009416,174.5,174.5,0.0659025787966,290.3875,290.3875,0.108906202919,12906.1111111,12906.1111111,0.108906202919,64.5,2866.66666667
2675,47112,5542,20,37.9,37.9,0.065963060686,166.0,166.0,0.0602409638554,315.82,315.82,0.12570451523,14036.4444444,14036.4444444,0.12570451523,32.935,1463.77777778
2675,47114,5543,16,27.4,27.4,0.014598540146,162.5,162.5,0.0153846153846,278.21875,278.21875,0.000786251825227,11241.1616162,11241.1616162,0.000786251825227,-65.265625,-2636.99494949
2675,47115,5539,20,28.25,28.25,0.00530973451327,165.0,165.0,0.0,233.0625,233.0625,0.00530973451327,10358.3333333,10358.3333333,0.00530973451327,19.8875,883.888888889
2675,47117,5545,20,32.425,32.425,0.00385505011565,175.5,175.5,0.00854700854701,284.52,284.52,0.00469211303248,11495.7575758,11495.7575758,0.00469211303248,68.12125,2752.37373737
2853,47107,5544,20,20.65,20.65,0.0847457627119,248.5,248.5,0.00201207243461,256.5325,256.5325,0.0827477999864,10364.9494949,10364.9494949,0.0827477999864,57.025,2304.04040404
2853,47109,5541,16,19.75,19.75,0.0126582278481,222.0,222.0,0.0,274.03125,274.03125,0.0126582278481,12179.1666667,12179.1666667,0.0126582278481,-31.8875,-1417.22222222
2853,47110,5546,20,20.95,20.95,0.00238663484487,197.5,197.5,0.0177215189873,206.89,206.89,0.0201073033979,6896.33333333,6896.33333333,0.0201073033979,41.435,1381.16666667
2853,47111,5540,16,25.3,25.3,0.0158102766798,228.0,228.0,0.00877192982456,360.475,360.475,0.00703932311533,16021.1111111,16021.1111111,0.00703932311533,-5.5875,-248.333333333
2853,47112,5542,20,31.1,31.1,0.0096463022508,213.0,213.0,0.0234741784038,331.14,331.14,0.0138310080329,14717.3333333,14717.3333333,0.0138310080329,17.615,782.888888889
2853,47114,5543,16,16.45,16.45,0.063829787234,186.0,186.0,0.0215053763441,191.49375,191.49375,0.0852181859721,7737.12121212,7737.12121212,0.0852181859721,21.459375,867.045454545
2853,47115,5539,20,20.4,20.4,0.00490196078431,191.0,191.0,0.0314136125654,194.85,194.85,0.0363099820375,8660.0,8660.0,0.0363099820375,58.1,2582.22222222
2853,47117,5545,20,35.975,35.975,0.0104239054899,199.5,199.5,0.00250626566416,358.86,358.86,0.0129298333612,14499.3939394,14499.3939394,0.0129298333612,-6.21875,-251.262626263
2854,47107,5544,20,27.8,27.8,0.0179856115108,203.0,203.0,0.0246305418719,282.295,282.295,0.0425972829841,11405.8585859,11405.8585859,0.0425972829841,31.2625,1263.13131313
2854,47109,5541,16,17.85,17.85,0.0364145658263,159.5,159.5,0.00313479623824,177.9625,177.9625,0.0395448479314,7909.44444444,7909.44444444,0.0395448479314,64.18125,2852.5
2854,47110,5546,20,33.3,33.3,0.0810810810811,150.5,150.5,0.0365448504983,249.84,249.84,0.0446685878963,8328.0,8328.0,0.0446685878963,-1.515,-50.5
2854,47111,5540,16,28.7,28.7,0.0801393728223,179.5,179.5,0.0473537604457,323.2,323.2,0.127011138614,14364.4444444,14364.4444444,0.127011138614,31.6875,1408.33333333
2854,47112,5542,20,36.85,36.85,0.0366350067843,166.5,166.5,0.0690690690691,307.5525,307.5525,0.105437283065,13669.0,13669.0,0.105437283065,41.2025,1831.22222222
2854,47114,5543,16,13.9,13.9,0.0,166.5,166.5,0.0510510510511,144.646875,144.646875,0.0510510510511,5844.31818182,5844.31818182,0.0510510510511,68.30625,2759.84848485
2854,47115,5539,20,28.5,28.5,0.0771929824561,163.5,163.5,0.0214067278287,232.6025,232.6025,0.0558785911587,10337.8888889,10337.8888889,0.0558785911587,20.3475,904.333333333
2854,47117,5545,20,39.975,39.975,0.129455909944,171.0,171.0,0.0175438596491,342.5625,342.5625,0.146666666667,13840.9090909,13840.9090909,0.146666666667,10.07875,407.222222222
2855,47107,5544,20,26.9,26.9,0.089219330855,227.0,227.0,0.00881057268722,305.075,305.075,0.0804720150783,12326.2626263,12326.2626263,0.0804720150783,8.4825,342.727272727
2855,47109,5541,16,24.05,24.05,0.0810810810811,204.5,204.5,0.0220048899756,307.9375,307.9375,0.10290237467,13686.1111111,13686.1111111,0.10290237467,-65.79375,-2924.16666667
2855,47110,5546,20,30.7,30.7,0.042345276873,172.5,172.5,0.00289855072464,264.755,264.755,0.0394515684312,8825.16666667,8825.16666667,0.0394515684312,-16.43,-547.666666667
2855,47111,5540,16,29.05,29.05,0.101549053356,204.5,204.5,0.0366748166259,369.9125,369.9125,0.0651167505829,16440.5555556,16440.5555556,0.0651167505829,-15.025,-667.777777778
2855,47112,5542,20,40.0,40.0,0.0025,183.5,183.5,0.0190735694823,367.0175,367.0175,0.0215725408189,16311.8888889,16311.8888889,0.0215725408189,-18.2625,-811.666666667
2855,47114,5543,16,20.7,20.7,0.0966183574879,172.5,172.5,0.0144927536232,222.859375,222.859375,0.0822407628129,9004.41919192,9004.41919192,0.0822407628129,-9.90625,-400.252525253
2855,47115,5539,20,33.5,33.5,0.0985074626866,188.0,188.0,0.0478723404255,316.385,316.385,0.14569274776,14061.5555556,14061.5555556,0.14569274776,-63.435,-2819.33333333
2855,47117,5545,20,38.675,38.675,0.0239172592114,188.0,188.0,0.0159574468085,363.68375,363.68375,0.0398594933098,14694.2929293,14694.2929293,0.0398594933098,-11.0425,-446.161616162
2856,47107,5544,20,34.55,34.55,0.0159189580318,224.5,224.5,0.011135857461,387.8925,387.8925,0.027050020302,15672.4242424,15672.4242424,0.027050020302,-74.335,-3003.43434343
2856,47109,5541,16,20.4,20.4,0.0,213.0,213.0,0.0140845070423,271.575,271.575,0.0140845070423,12070.0,12070.0,0.0140845070423,-29.43125,-1308.05555556
2856,47110,5546,20,29.95,29.95,0.118530884808,189.5,189.5,0.0131926121372,283.3325,283.3325,0.10550325148,9444.41666667,9444.41666667,0.10550325148,-35.0075,-1166.91666667
2856,47111,5540,16,32.25,32.25,0.131782945736,217.0,217.0,0.0138248847926,436.59375,436.59375,0.118173359101,19404.1666667,19404.1666667,0.118173359101,-81.70625,-3631.38888889
2856,47112,5542,20,38.05,38.05,0.0591327201051,192.5,192.5,0.00779220779221,366.4,366.4,0.0668941048035,16284.4444444,16284.4444444,0.0668941048035,-17.645,-784.222222222
2856,47114,5543,16,21.1,21.1,0.0616113744076,184.0,184.0,0.0326086956522,243.1375,243.1375,0.0940311552105,9823.73737374,9823.73737374,0.0940311552105,-30.184375,-1219.57070707
2856,47115,5539,20,28.8,28.8,0.125,192.5,192.5,0.038961038961,275.85,275.85,0.0864600326264,12260.0,12260.0,0.0864600326264,-22.9,-1017.77777778
2856,47117,5545,20,44.875,44.875,0.0228412256267,209.0,209.0,0.0334928229665,468.585,468.585,0.0106597522328,18932.7272727,18932.7272727,0.0106597522328,-115.94375,-4684.5959596
2857,47107,5544,20,32.5,32.5,0.0338461538462,200.0,200.0,0.05,325.55,325.55,0.0837045000768,13153.5353535,13153.5353535,0.0837045000768,-11.9925,-484.545454545
2857,47109,5541,16,20.55,20.55,0.00243309002433,199.5,199.5,0.00250626566416,256.234375,256.234375,0.00493932556863,11388.1944444,11388.1944444,0.00493932556863,-14.090625,-626.25
2857,47110,5546,20,29.6,29.6,0.00675675675676,167.0,167.0,0.0059880239521,247.15,247.15,0.000768763908558,8238.33333333,8238.33333333,0.000768763908558,1.175,39.1666666667
2857,47111,5540,16,29.4,29.4,0.030612244898,205.5,205.5,0.0267639902676,377.915625,377.915625,0.0573292649649,16796.25,16796.25,0.0573292649649,-23.028125,-1023.47222222
2857,47112,5542,20,44.1,44.1,0.0657596371882,179.5,179.5,0.00278551532033,395.725,395.725,0.0629856592331,17587.7777778,17587.7777778,0.0629856592331,-46.97,-2087.55555556
2857,47114,5543,16,26.85,26.85,0.0800744878957,190.0,190.0,0.0263157894737,319.515625,319.515625,0.106166560712,12909.7222222,12909.7222222,0.106166560712,-106.5625,-4305.55555556
2857,47115,5539,20,32.05,32.05,0.0202808112324,180.5,180.5,0.00831024930748,289.2025,289.2025,0.0119725797668,12853.4444444,12853.4444444,0.0119725797668,-36.2525,-1611.22222222
2857,47117,5545,20,41.9,41.9,0.0238663484487,171.5,171.5,0.0320699708455,359.0175,359.0175,0.00820990620234,14505.7575758,14505.7575758,0.00820990620234,-6.37625,-257.626262626
2858,47107,5544,20,34.55,34.55,0.0593342981187,249.0,249.0,0.0160642570281,430.5575,430.5575,0.0753267565888,17396.2626263,17396.2626263,0.0753267565888,-117.0,-4727.27272727
2858,47109,5541,16,19.8,19.8,0.010101010101,210.5,210.5,0.00712589073634,260.5125,260.5125,0.0172256609568,11578.3333333,11578.3333333,0.0172256609568,-18.36875,-816.388888889
2858,47110,5546,20,30.45,30.45,0.00164203612479,220.5,220.5,0.00226757369615,335.7125,335.7125,0.0039095952638,11190.4166667,11190.4166667,0.0039095952638,-87.3875,-2912.91666667
2858,47111,5540,16,31.45,31.45,0.0810810810811,238.0,238.0,0.0168067226891,468.45625,468.45625,0.0977545928782,20820.2777778,20820.2777778,0.0977545928782,-113.56875,-5047.5
2858,47112,5542,20,37.15,37.15,0.0363391655451,212.5,212.5,0.0635294117647,395.63,395.63,0.0996385511715,17583.5555556,17583.5555556,0.0996385511715,-46.875,-2083.33333333
2858,47114,5543,16,26.3,26.3,0.0304182509506,197.5,197.5,0.0126582278481,324.765625,324.765625,0.0430598989656,13121.8434343,13121.8434343,0.0430598989656,-111.8125,-4517.67676768
2858,47115,5539,20,29.65,29.65,0.0994940978078,195.5,195.5,0.0434782608696,291.0825,291.0825,0.142356548401,12937.0,12937.0,0.142356548401,-38.1325,-1694.77777778
2858,47117,5545,20,38.725,38.725,0.0264686894771,216.0,216.0,0.0277777777778,418.5375,418.5375,0.0542066123107,16910.6060606,16910.6060606,0.0542066123107,-65.89625,-2662.47474747
2859,47107,5544,20,27.6,27.6,0.0398550724638,226.0,226.0,0.0132743362832,312.045,312.045,0.0531013155154,12607.8787879,12607.8787879,0.0531013155154,1.5125,61.1111111111
2859,47109,5541,16,23.05,23.05,0.0195227765727,184.0,184.0,0.0054347826087,265.046875,265.046875,0.0140894888876,11779.8611111,11779.8611111,0.0140894888876,-22.903125,-1017.91666667
2859,47110,5546,20,37.15,37.15,0.0659488559892,183.0,183.0,0.0491803278689,338.82,338.82,0.0168230919072,11294.0,11294.0,0.0168230919072,-90.495,-3016.5
2859,47111,5540,16,31.8,31.8,0.0251572327044,210.5,210.5,0.0451306413302,417.89375,417.89375,0.0199961114518,18573.0555556,18573.0555556,0.0199961114518,-63.00625,-2800.27777778
2859,47112,5542,20,41.6,41.6,0.00240384615385,184.0,184.0,0.0,382.72,382.72,0.00240384615385,17009.7777778,17009.7777778,0.00240384615385,-33.965,-1509.55555556
2859,47114,5543,16,20.45,20.45,0.110024449878,177.5,177.5,0.0140845070423,226.515625,226.515625,0.0960888459681,9152.14646465,9152.14646465,0.0960888459681,-13.5625,-547.97979798
2859,47115,5539,20,35.75,35.75,0.0237762237762,190.5,190.5,0.0341207349081,340.2425,340.2425,0.0103529100568,15121.8888889,15121.8888889,0.0103529100568,-87.2925,-3879.66666667
2859,47117,5545,20,41.35,41.35,0.00362756952842,194.0,194.0,0.020618556701,401.065,401.065,0.0169922581128,16204.6464646,16204.6464646,0.0169922581128,-48.42375,-1956.51515152
2860,47107,5544,20,40.1,40.1,0.0074812967581,205.0,205.0,0.0,411.025,411.025,0.0074812967581,16607.0707071,16607.0707071,0.0074812967581,-97.4675,-3938.08080808
2860,47109,5541,16,27.85,27.85,0.0412926391382,170.0,170.0,0.0176470588235,295.690625,295.690625,0.0236628232633,13141.8055556,13141.8055556,0.0236628232633,-53.546875,-2379.86111111
2860,47110,5546,20,34.5,34.5,0.0202898550725,181.5,181.5,0.030303030303,313.28,313.28,0.0505617977528,10442.6666667,10442.6666667,0.0505617977528,-64.955,-2165.16666667
2860,47111,5540,16,36.85,36.85,0.142469470828,182.0,182.0,0.0164835164835,420.153125,420.153125,0.158580577022,18673.4722222,18673.4722222,0.158580577022,-65.265625,-2900.69444444
2860,47112,5542,20,47.5,47.5,0.0505263157895,175.0,175.0,0.0457142857143,414.665,414.665,0.00482317051114,18429.5555556,18429.5555556,0.00482317051114,-65.91,-2929.33333333
2860,47114,5543,16,24.75,24.75,0.111111111111,176.0,176.0,0.0113636363636,271.90625,271.90625,0.0998735777497,10986.1111111,10986.1111111,0.0998735777497,-58.953125,-2381.94444444
2860,47115,5539,20,33.55,33.55,0.00745156482861,175.5,175.5,0.025641025641,294.345,294.345,0.0181929368598,13082.0,13082.0,0.0181929368598,-41.395,-1839.77777778
2860,47117,5545,20,50.525,50.525,0.00346363186541,172.5,172.5,0.00289855072464,435.77375,435.77375,0.000565086813972,17607.020202,17607.020202,0.000565086813972,-83.1325,-3358.88888889
2861,47107,5544,20,36.7,36.7,0.0108991825613,238.0,238.0,0.0294117647059,436.87,436.87,0.040298029162,17651.3131313,17651.3131313,0.040298029162,-123.3125,-4982.32323232
2861,47109,5541,16,18.05,18.05,0.0138504155125,190.5,190.5,0.0446194225722,215.040625,215.040625,0.0584337261855,9557.36111111,9557.36111111,0.0584337261855,27.103125,1204.58333333
2861,47110,5546,20,31.2,31.2,0.0576923076923,200.0,200.0,0.105,313.89,313.89,0.161712701902,10463.0,10463.0,0.161712701902,-65.565,-2185.5
2861,47111,5540,16,31.3,31.3,0.0862619808307,211.0,211.0,0.0473933649289,411.08125,411.08125,0.0390281726544,18270.2777778,18270.2777778,0.0390281726544,-56.19375,-2497.5
2861,47112,5542,20,36.1,36.1,0.0470914127424,186.5,186.5,0.0402144772118,335.995,335.995,0.0068899834819,14933.1111111,14933.1111111,0.0068899834819,12.76,567.111111111
2861,47114,5543,16,21.25,21.25,0.0164705882353,189.0,189.0,0.00529100529101,250.99375,250.99375,0.0111805572848,10141.1616162,10141.1616162,0.0111805572848,-38.040625,-1536.99494949
2861,47115,5539,20,33.75,33.75,0.125925925926,177.5,177.5,0.00845070422535,299.2125,299.2125,0.117600367632,13298.3333333,13298.3333333,0.117600367632,-46.2625,-2056.11111111
2861,47117,5545,20,40.65,40.65,0.0123001230012,184.5,184.5,0.0243902439024,374.88375,374.88375,0.0120937490622,15146.8181818,15146.8181818,0.0120937490622,-22.2425,-898.686868687
2862,47107,5544,20,25.05,25.05,0.0139720558882,237.0,237.0,0.0126582278481,296.79,296.79,0.00131406044678,11991.5151515,11991.5151515,0.00131406044678,16.7675,677.474747475
2862,47109,5541,16,17.75,17.75,0.0422535211268,219.5,219.5,0.0341685649203,243.15625,243.15625,0.00809664567536,10806.9444444,10806.9444444,0.00809664567536,-1.0125,-45.0
2862,47110,5546,20,26.45,26.45,0.0396975425331,189.5,189.5,0.0290237467018,250.325,250.325,0.0106861080595,8344.16666667,8344.16666667,0.0106861080595,-2.0,-66.6666666667
2862,47111,5540,16,23.65,23.65,0.116279069767,210.0,210.0,0.0190476190476,311.09375,311.09375,0.135027624309,13826.3888889,13826.3888889,0.135027624309,43.79375,1946.38888889
2862,47112,5542,20,30.85,30.85,0.0113452188006,189.5,189.5,0.0343007915567,292.4175,292.4175,0.045628254123,12996.3333333,12996.3333333,0.045628254123,56.3375,2503.88888889
2862,47114,5543,16,22.2,22.2,0.148648648649,171.5,171.5,0.0379008746356,239.296875,239.296875,0.185504407444,9668.56060606,9668.56060606,0.185504407444,-26.34375,-1064.39393939
2862,47115,5539,20,27.3,27.3,0.197802197802,187.5,187.5,0.056,258.7725,258.7725,0.251021650291,11501.0,11501.0,0.251021650291,-5.8225,-258.777777778
2862,47117,5545,20,31.125,31.125,0.0136546184739,215.0,215.0,0.0093023255814,334.63625,334.63625,0.0229540284413,13520.6565657,13520.6565657,0.0229540284413,18.005,727.474747475
2863,47107,5544,20,31.25,31.25,0.0208,225.5,225.5,0.0243902439024,352.165,352.165,0.00359206621896,14228.8888889,14228.8888889,0.00359206621896,-38.6075,-1559.8989899
2863,47109,5541,16,18.7,18.7,0.0267379679144,200.5,200.5,0.0374064837905,234.56875,234.56875,0.0640803602355,10425.2777778,10425.2777778,0.0640803602355,7.575,336.666666667
2863,47110,5546,20,29.25,29.25,0.0017094017094,199.0,199.0,0.00502512562814,291.04,291.04,0.00673446948873,9701.33333333,9701.33333333,0.00673446948873,-42.715,-1423.83333333
2863,47111,5540,16,33.25,33.25,0.0165413533835,210.5,210.5,0.021377672209,437.6,437.6,0.0379056215722,19448.8888889,19448.8888889,0.0379056215722,-82.7125,-3676.11111111
2863,47112,5542,20,32.7,32.7,0.0978593272171,200.5,200.5,0.0274314214464,328.6975,328.6975,0.124955316058,14608.7777778,14608.7777778,0.124955316058,20.0575,891.444444444
2863,47114,5543,16,21.9,21.9,0.155251141553,181.5,181.5,0.0192837465565,249.171875,249.171875,0.174013921114,10067.5505051,10067.5505051,0.174013921114,-36.21875,-1463.38383838
2863,47115,5539,20,35.55,35.55,0.0576652601969,198.5,198.5,0.0176322418136,353.1925,353.1925,0.0752210196989,15697.4444444,15697.4444444,0.0752210196989,-100.2425,-4455.22222222
2863,47117,5545,20,32.525,32.525,0.097617217525,195.5,195.5,0.0076726342711,317.69375,317.69375,0.0900120005508,12836.1111111,12836.1111111,0.0900120005508,34.9475,1412.02020202
2864,47107,5544,20,31.0,31.0,0.0838709677419,232.0,232.0,0.00431034482759,359.47,359.47,0.0795893954989,14524.040404,14524.040404,0.0795893954989,-45.9125,-1855.05050505
2864,47109,5541,16,21.85,21.85,0.0160183066362,186.0,186.0,0.010752688172,253.9625,253.9625,0.00526652556972,11287.2222222,11287.2222222,0.00526652556972,-11.81875,-525.277777778
2864,47110,5546,20,27.85,27.85,0.0377019748654,181.5,181.5,0.030303030303,253.0275,253.0275,0.0679273991957,8434.25,8434.25,0.0679273991957,-4.7025,-156.75
2864,47111,5540,16,30.25,30.25,0.127272727273,207.0,207.0,0.0434782608696,393.525,393.525,0.169811320755,17490.0,17490.0,0.169811320755,-38.6375,-1717.22222222
2864,47112,5542,20,39.3,39.3,0.0458015267176,195.5,195.5,0.00255754475703,384.2025,384.2025,0.0483534073828,17075.6666667,17075.6666667,0.0483534073828,-35.4475,-1575.44444444
2864,47114,5543,16,15.75,15.75,0.0730158730159,185.5,185.5,0.0242587601078,182.925,182.925,0.097102637693,7390.90909091,7390.90909091,0.097102637693,30.028125,1213.25757576
2864,47115,5539,20,27.6,27.6,0.0797101449275,176.5,176.5,0.042492917847,242.745,242.745,0.0373437145976,10788.6666667,10788.6666667,0.0373437145976,10.205,453.555555556
2864,47117,5545,20,42.075,42.075,0.00653594771242,191.0,191.0,0.0157068062827,401.8575,401.8575,0.0222404708137,16236.6666667,16236.6666667,0.0222404708137,-49.21625,-1988.53535354
2865,47107,5544,20,29.4,29.4,0.180272108844,263.5,263.5,0.00189753320683,387.4775,387.4775,0.182107348169,15655.6565657,15655.6565657,0.182107348169,-73.92,-2986.66666667
2865,47109,5541,16,16.6,16.6,0.078313253012,230.5,230.5,0.0108459869848,239.346875,239.346875,0.089083573788,10637.6388889,10637.6388889,0.089083573788,2.796875,124.305555556
2865,47110,5546,20,29.45,29.45,0.00169779286927,240.5,240.5,0.010395010395,354.13,354.13,0.00869737102194,11804.3333333,11804.3333333,0.00869737102194,-105.805,-3526.83333333
2865,47111,5540,16,28.0,28.0,0.025,239.5,239.5,0.0313152400835,419.453125,419.453125,0.0562711864407,18642.3611111,18642.3611111,0.0562711864407,-64.565625,-2869.58333333
2865,47112,5542,20,34.95,34.95,0.0929899856938,252.0,252.0,0.00396825396825,440.2075,440.2075,0.0890545935723,19564.7777778,19564.7777778,0.0890545935723,-91.4525,-4064.55555556
2865,47114,5543,16,15.45,15.45,0.0485436893204,196.5,196.5,0.00763358778626,189.815625,189.815625,0.0561564676248,7669.31818182,7669.31818182,0.0561564676248,23.1375,934.848484848
2865,47115,5539,20,32.4,32.4,0.0123456790123,217.5,217.5,0.0114942528736,352.3,352.3,0.000851546977008,15657.7777778,15657.7777778,0.000851546977008,-99.35,-4415.55555556
2865,47117,5545,20,35.05,35.05,0.131241084165,216.5,216.5,0.0115473441109,379.99125,379.99125,0.142572361864,15353.1818182,15353.1818182,0.142572361864,-27.35,-1105.05050505
2866,47107,5544,20,32.65,32.65,0.0658499234303,229.5,229.5,0.0283224400871,373.96,373.96,0.0375976040218,15109.4949495,15109.4949495,0.0375976040218,-60.4025,-2440.50505051
2866,47109,5541,16,18.85,18.85,0.114058355438,196.0,196.0,0.030612244898,231.71875,231.71875,0.144167228591,10298.6111111,10298.6111111,0.144167228591,10.425,463.333333333
2866,47110,5546,20,31.2,31.2,0.0769230769231,176.5,176.5,0.0028328611898,275.4,275.4,0.0797385620915,9180.0,9180.0,0.0797385620915,-27.075,-902.5
2866,47111,5540,16,31.6,31.6,0.107594936709,220.5,220.5,0.0113378684807,436.01875,436.01875,0.118787896163,19378.6111111,19378.6111111,0.118787896163,-81.13125,-3605.83333333
2866,47112,5542,20,38.8,38.8,0.090206185567,193.5,193.5,0.0284237726098,374.4275,374.4275,0.0619412302782,16641.2222222,16641.2222222,0.0619412302782,-25.6725,-1141.0
2866,47114,5543,16,20.7,20.7,0.0869565217391,166.5,166.5,0.00900900900901,215.578125,215.578125,0.0958904109589,8710.22727273,8710.22727273,0.0958904109589,-2.625,-106.060606061
2866,47115,5539,20,29.7,29.7,0.016835016835,182.5,182.5,0.041095890411,271.2,271.2,0.0578908554572,12053.3333333,12053.3333333,0.0578908554572,-18.25,-811.111111111
2866,47117,5545,20,39.725,39.725,0.00314663310258,200.0,200.0,0.0,397.25,397.25,0.00314663310258,16050.5050505,16050.5050505,0.00314663310258,-44.60875,-1802.37373737
2867,47107,5544,20,28.35,28.35,0.0546737213404,246.0,246.0,0.0121951219512,348.4725,348.4725,0.0425069410068,14079.6969697,14079.6969697,0.0425069410068,-34.915,-1410.70707071
2867,47109,5541,16,17.25,17.25,0.0724637681159,214.0,214.0,0.0,230.71875,230.71875,0.0724637681159,10254.1666667,10254.1666667,0.0724637681159,11.425,507.777777778
2867,47110,5546,20,23.6,23.6,0.0550847457627,191.0,191.0,0.0471204188482,225.965,225.965,0.101940566017,7532.16666667,7532.16666667,0.101940566017,22.36,745.333333333
2867,47111,5540,16,25.75,25.75,0.00970873786408,226.0,226.0,0.00884955752212,363.75,363.75,0.0185567010309,16166.6666667,16166.6666667,0.0185567010309,-8.8625,-393.888888889
2867,47112,5542,20,31.45,31.45,0.0206677265501,212.5,212.5,0.0305882352941,334.3675,334.3675,0.0512235788466,14860.7777778,14860.7777778,0.0512235788466,14.3875,639.444444444
2867,47114,5543,16,21.15,21.15,0.111111111111,200.0,200.0,0.025,265.109375,265.109375,0.135734072022,10711.489899,10711.489899,0.135734072022,-52.15625,-2107.32323232
2867,47115,5539,20,27.4,27.4,0.131386861314,198.5,198.5,0.0125944584383,271.495,271.495,0.118989299987,12066.4444444,12066.4444444,0.118989299987,-18.545,-824.222222222
2867,47117,5545,20,31.85,31.85,0.0596546310832,207.5,207.5,0.0409638554217,329.63625,329.63625,0.0187365618921,13318.6363636,13318.6363636,0.0187365618921,23.005,929.494949495
2868,47107,5544,20,29.55,29.55,0.00846023688663,235.5,235.5,0.0233545647558,347.8825,347.8825,0.0148972713488,14055.8585859,14055.8585859,0.0148972713488,-34.325,-1386.86868687
2868,47109,5541,16,16.1,16.1,0.16149068323,203.5,203.5,0.022113022113,205.503125,205.503125,0.182950380925,9133.47222222,9133.47222222,0.182950380925,36.640625,1628.47222222
2868,47110,5546,20,25.9,25.9,0.003861003861,190.5,190.5,0.0341207349081,246.73,246.73,0.037976735703,8224.33333333,8224.33333333,0.037976735703,1.595,53.1666666667
2868,47111,5540,16,25.8,25.8,0.0813953488372,215.5,215.5,0.0116009280742,347.165625,347.165625,0.0698603872431,15429.5833333,15429.5833333,0.0698603872431,7.721875,343.194444444
2868,47112,5542,20,30.2,30.2,0.0331125827815,188.5,188.5,0.0450928381963,285.06,285.06,0.0780888234056,12669.3333333,12669.3333333,0.0780888234056,63.695,2830.88888889
2868,47114,5543,16,19.9,19.9,0.0753768844221,179.0,179.0,0.00558659217877,222.5375,222.5375,0.0698196933101,8991.41414141,8991.41414141,0.0698196933101,-9.584375,-387.247474747
2868,47115,5539,20,22.4,22.4,0.0535714285714,174.0,174.0,0.0,194.88,194.88,0.0535714285714,8661.33333333,8661.33333333,0.0535714285714,58.07,2580.88888889
2868,47117,5545,20,37.175,37.175,0.0786819098857,199.5,199.5,0.0275689223058,370.01625,370.01625,0.0512241016442,14950.1515152,14950.1515152,0.0512241016442,-17.375,-702.02020202
2869,47107,5544,20,30.4,30.4,0.0592105263158,216.5,216.5,0.0254041570439,329.575,329.575,0.0844875976637,13316.1616162,13316.1616162,0.0844875976637,-16.0175,-647.171717172
2869,47109,5541,16,23.65,23.65,0.0697674418605,185.0,185.0,0.0,273.453125,273.453125,0.0697674418605,12153.4722222,12153.4722222,0.0697674418605,-31.309375,-1391.52777778
2869,47110,5546,20,25.4,25.4,0.0708661417323,180.0,180.0,0.05,227.79,227.79,0.0209403397866,7593.0,7593.0,0.0209403397866,20.535,684.5
2869,47111,5540,16,31.8,31.8,0.0062893081761,196.5,196.5,0.0381679389313,390.45,390.45,0.0318862850557,17353.3333333,17353.3333333,0.0318862850557,-35.5625,-1580.55555556
2869,47112,5542,20,46.15,46.15,0.00758396533044,190.0,190.0,0.0421052631579,438.565,438.565,0.0496733665477,19491.7777778,19491.7777778,0.0496733665477,-89.81,-3991.55555556
2869,47114,5543,16,16.65,16.65,0.00900900900901,173.0,173.0,0.0,180.028125,180.028125,0.00900900900901,7273.86363636,7273.86363636,0.00900900900901,32.925,1330.3030303
2869,47115,5539,20,26.15,26.15,0.0860420650096,176.5,176.5,0.0198300283286,231.1675,231.1675,0.105691760304,10274.1111111,10274.1111111,0.105691760304,21.7825,968.111111111
2869,47117,5545,20,36.775,36.775,0.0305914343984,171.5,171.5,0.00874635568513,315.43,315.43,0.0393272675395,12744.6464646,12744.6464646,0.0393272675395,37.21125,1503.48484848
2870,47107,5544,20,19.3,19.3,0.0155440414508,241.5,241.5,0.00207039337474,233.055,233.055,0.0176138679711,9416.36363636,9416.36363636,0.0176138679711,80.5025,3252.62626263
2870,47109,5541,16,20.3,20.3,0.00492610837438,208.5,208.5,0.00719424460432,264.54375,264.54375,0.0121199234531,11757.5,11757.5,0.0121199234531,-22.4,-995.555555556
2870,47110,5546,20,26.25,26.25,0.146666666667,184.5,184.5,0.0569105691057,244.1775,244.1775,0.201892066222,8139.25,8139.25,0.201892066222,4.1475,138.25
2870,47111,5540,16,21.65,21.65,0.108545034642,225.0,225.0,0.0266666666667,303.571875,303.571875,0.0821160557117,13492.0833333,13492.0833333,0.0821160557117,51.315625,2280.69444444
2870,47112,5542,20,37.3,37.3,0.0563002680965,209.0,209.0,0.00478468899522,389.68,389.68,0.0515294600698,17319.1111111,17319.1111111,0.0515294600698,-40.925,-1818.88888889
2870,47114,5543,16,21.7,21.7,0.138248847926,181.0,181.0,0.00552486187845,245.66875,245.66875,0.143663978426,9926.01010101,9926.01010101,0.143663978426,-32.715625,-1321.84343434
2870,47115,5539,20,28.15,28.15,0.175843694494,193.5,193.5,0.0180878552972,271.485,271.485,0.158259204008,12066.0,12066.0,0.158259204008,-18.535,-823.777777778
2870,47117,5545,20,35.55,35.55,0.0857946554149,206.0,206.0,0.00485436893204,366.3175,366.3175,0.0906112866571,14800.7070707,14800.7070707,0.0906112866571,-13.67625,-552.575757576
2871,47107,5544,20,22.15,22.15,0.0248306997743,215.5,215.5,0.0348027842227,238.8725,238.8725,0.0595819945787,9651.41414141,9651.41414141,0.0595819945787,74.685,3017.57575758
2871,47109,5541,16,18.2,18.2,0.0989010989011,169.5,169.5,0.0206489675516,192.4125,192.4125,0.0784122653154,8551.66666667,8551.66666667,0.0784122653154,49.73125,2210.27777778
2871,47110,5546,20,22.3,22.3,0.139013452915,156.5,156.5,0.0159744408946,174.11,174.11,0.123312848199,5803.66666667,5803.66666667,0.123312848199,74.215,2473.83333333
2871,47111,5540,16,21.65,21.65,0.0161662817552,182.0,182.0,0.0934065934066,245.896875,245.896875,0.0773571237943,10928.75,10928.75,0.0773571237943,108.990625,4844.02777778
2871,47112,5542,20,32.6,32.6,0.00920245398773,164.0,164.0,0.0243902439024,267.26,267.26,0.0151911995809,11878.2222222,11878.2222222,0.0151911995809,81.495,3622.0
2871,47114,5543,16,18.3,18.3,0.114754098361,164.0,164.0,0.00609756097561,187.70625,187.70625,0.120767156128,7584.09090909,7584.09090909,0.120767156128,25.246875,1020.07575758
2871,47115,5539,20,20.35,20.35,0.100737100737,173.5,173.5,0.0662824207493,175.3575,175.3575,0.0346862837347,7793.66666667,7793.66666667,0.0346862837347,77.5925,3448.55555556
2871,47117,5545,20,33.4,33.4,0.0389221556886,168.5,168.5,0.00890207715134,281.4925,281.4925,0.0478076680551,11373.4343434,11373.4343434,0.0478076680551,71.14875,2874.6969697
2872,47107,5544,20,20.95,20.95,0.112171837709,222.0,222.0,0.027027027027,233.25,233.25,0.138778135048,9424.24242424,9424.24242424,0.138778135048,80.3075,3244.74747475
2872,47109,5541,16,13.1,13.1,0.00763358778626,185.5,185.5,0.00808625336927,151.86875,151.86875,0.000452693526483,6749.72222222,6749.72222222,0.000452693526483,90.275,4012.22222222
2872,47110,5546,20,25.85,25.85,0.121856866538,162.5,162.5,0.0707692307692,208.22,208.22,0.0515320334262,6940.66666667,6940.66666667,0.0515320334262,40.105,1336.83333333
2872,47111,5540,16,21.3,21.3,0.0140845070423,193.0,193.0,0.0,256.93125,256.93125,0.0140845070423,11419.1666667,11419.1666667,0.0140845070423,97.95625,4353.61111111
2872,47112,5542,20,29.95,29.95,0.0350584307179,172.0,172.0,0.00581395348837,257.5175,257.5175,0.0292504392905,11445.2222222,11445.2222222,0.0292504392905,91.2375,4055.0
2872,47114,5543,16,16.55,16.55,0.0815709969789,162.5,162.5,0.0153846153846,168.296875,168.296875,0.0968340915421,6799.87373737,6799.87373737,0.0968340915421,44.65625,1804.29292929
2872,47115,5539,20,22.1,22.1,0.0859728506787,177.5,177.5,0.0591549295775,195.14,195.14,0.0269550066619,8672.88888889,8672.88888889,0.0269550066619,57.81,2569.33333333
2872,47117,5545,20,27.475,27.475,0.0627843494086,183.0,183.0,0.0109289617486,251.22375,251.22375,0.0518909935864,10150.4545455,10150.4545455,0.0518909935864,101.4175,4097.67676768
2873,47107,5544,20,14.9,14.9,0.0402684563758,220.5,220.5,0.0204081632653,164.1375,164.1375,0.0198766278273,6631.81818182,6631.81818182,0.0198766278273,149.42,6037.17171717
2873,47109,5541,16,15.95,15.95,0.0219435736677,194.5,194.5,0.012853470437,193.946875,193.946875,0.0347872323284,8619.86111111,8619.86111111,0.0347872323284,48.196875,2142.08333333
2873,47110,5546,20,22.95,22.95,0.0762527233115,167.0,167.0,0.0838323353293,190.4075,190.4075,0.00762837598309,6346.91666667,6346.91666667,0.00762837598309,57.9175,1930.58333333
2873,47111,5540,16,17.45,17.45,0.0200573065903,207.5,207.5,0.021686746988,226.20625,226.20625,0.00163014947642,10053.6111111,10053.6111111,0.00163014947642,128.68125,5719.16666667
2873,47112,5542,20,29.15,29.15,0.0188679245283,179.5,179.5,0.008356545961,261.6625,261.6625,0.0272201786653,11629.4444444,11629.4444444,0.0272201786653,87.0925,3870.77777778
2873,47114,5543,16,15.55,15.55,0.0032154340836,164.0,164.0,0.0243902439024,159.375,159.375,0.0211764705882,6439.39393939,6439.39393939,0.0211764705882,53.578125,2164.77272727
2873,47115,5539,20,23.9,23.9,0.0669456066946,180.5,180.5,0.0249307479224,215.3375,215.3375,0.0420850989725,9570.55555556,9570.55555556,0.0420850989725,37.6125,1671.66666667
2873,47117,5545,20,33.225,33.225,0.0218209179834,180.5,180.5,0.0249307479224,300.01875,300.01875,0.0467262462763,12121.969697,12121.969697,0.0467262462763,52.6225,2126.16161616
2874,47107,5544,20,15.25,15.25,0.134426229508,240.5,240.5,0.00623700623701,183.535,183.535,0.14054540006,7415.55555556,7415.55555556,0.14054540006,130.0225,5253.43434343
2874,47109,5541,16,17.75,17.75,0.0422535211268,223.5,223.5,0.0156599552573,248.109375,248.109375,0.0578751810567,11027.0833333,11027.0833333,0.0578751810567,-5.965625,-265.138888889
2874,47110,5546,20,19.35,19.35,0.0697674418605,216.0,216.0,0.0185185185185,208.71,208.71,0.0513152220785,6957.0,6957.0,0.0513152220785,39.615,1320.5
2874,47111,5540,16,15.05,15.05,0.0431893687708,230.5,230.5,0.00216919739696,216.79375,216.79375,0.0410240147606,9635.27777778,9635.27777778,0.0410240147606,138.09375,6137.5
2874,47112,5542,20,29.85,29.85,0.0653266331658,209.5,209.5,0.00238663484487,312.7275,312.7275,0.0677027124254,13899.0,13899.0,0.0677027124254,36.0275,1601.22222222
2874,47114,5543,16,19.55,19.55,0.0997442455243,196.0,196.0,0.030612244898,238.75625,238.75625,0.0693437344572,9646.71717172,9646.71717172,0.0693437344572,-25.803125,-1042.55050505
2874,47115,5539,20,19.2,19.2,0.0416666666667,211.0,211.0,0.0473933649289,202.96,202.96,0.0888845092629,9020.44444444,9020.44444444,0.0888845092629,49.99,2221.77777778
2874,47117,5545,20,25.425,25.425,0.0501474926254,217.0,217.0,0.0138248847926,275.67,275.67,0.0363478071607,11138.1818182,11138.1818182,0.0363478071607,76.97125,3109.94949495
2875,47107,5544,20,20.75,20.75,0.0939759036145,239.5,239.5,0.00208768267223,248.4325,248.4325,0.0919062522013,10037.6767677,10037.6767677,0.0919062522013,65.125,2631.31313131
2875,47109,5541,16,21.0,21.0,0.0952380952381,191.5,191.5,0.0339425587467,250.53125,250.53125,0.0614943245603,11134.7222222,11134.7222222,0.0614943245603,-8.3875,-372.777777778
2875,47110,5546,20,27.4,27.4,0.029197080292,188.5,188.5,0.0079575596817,258.185,258.185,0.0212444564944,8606.16666667,8606.16666667,0.0212444564944,-9.86,-328.666666667
2875,47111,5540,16,22.7,22.7,0.118942731278,218.5,218.5,0.0343249427918,311.2625,311.2625,0.15264447211,13833.8888889,13833.8888889,0.15264447211,43.625,1938.88888889
2875,47112,5542,20,35.9,35.9,0.0779944289694,199.5,199.5,0.0325814536341,359.0125,359.0125,0.110295602521,15956.1111111,15956.1111111,0.110295602521,-10.2575,-455.888888889
2875,47114,5543,16,22.25,22.25,0.334831460674,187.5,187.5,0.0133333333333,261.90625,261.90625,0.346617348765,10582.0707071,10582.0707071,0.346617348765,-48.953125,-1977.9040404
2875,47115,5539,20,30.35,30.35,0.143327841845,197.0,197.0,0.0152284263959,299.6,299.6,0.158210947931,13315.5555556,13315.5555556,0.158210947931,-46.65,-2073.33333333
2875,47117,5545,20,36.925,36.925,0.0101557210562,185.0,185.0,0.027027027027,341.4625,341.4625,0.0168759380605,13796.4646465,13796.4646465,0.0168759380605,11.17875,451.666666667
2876,47107,5544,20,26.2,26.2,0.0267175572519,201.0,201.0,0.0348258706468,263.065,263.065,0.00811586490031,10628.8888889,10628.8888889,0.00811586490031,50.4925,2040.1010101
2876,47109,5541,16,16.3,16.3,0.0368098159509,175.0,175.0,0.00571428571429,178.31875,178.31875,0.0425151589499,7925.27777778,7925.27777778,0.0425151589499,63.825,2836.66666667
2876,47110,5546,20,23.1,23.1,0.108225108225,155.5,155.5,0.0225080385852,179.165,179.165,0.0859263807105,5972.16666667,5972.16666667,0.0859263807105,69.16,2305.33333333
2876,47111,5540,16,25.2,25.2,0.031746031746,188.0,188.0,0.0159574468085,296.25,296.25,0.0476793248945,13166.6666667,13166.6666667,0.0476793248945,58.6375,2606.11111111
2876,47112,5542,20,37.05,37.05,0.0391363022942,163.0,163.0,0.0306748466258,302.32,302.32,0.069727441122,13436.4444444,13436.4444444,0.069727441122,46.435,2063.77777778
2876,47114,5543,16,16.05,16.05,0.115264797508,157.5,157.5,0.015873015873,158.28125,158.28125,0.130898321816,6395.2020202,6395.2020202,0.130898321816,54.671875,2208.96464646
2876,47115,5539,20,23.1,23.1,0.004329004329,158.5,158.5,0.0283911671924,183.045,183.045,0.0240651205988,8135.33333333,8135.33333333,0.0240651205988,69.905,3106.88888889
2876,47117,5545,20,32.875,32.875,0.00988593155894,172.0,172.0,0.0116279069767,282.6925,282.6925,0.00174217568559,11421.9191919,11421.9191919,0.00174217568559,69.94875,2826.21212121
2877,47107,5544,20,31.7,31.7,0.0252365930599,250.5,250.5,0.0059880239521,396.9825,396.9825,0.0192514783397,16039.6969697,16039.6969697,0.0192514783397,-83.425,-3370.70707071
2877,47109,5541,16,23.9,23.9,0.00418410041841,211.0,211.0,0.00473933649289,315.1875,315.1875,0.00892325996431,14008.3333333,14008.3333333,0.00892325996431,-73.04375,-3246.38888889
2877,47110,5546,20,24.2,24.2,0.227272727273,180.5,180.5,0.0637119113573,221.5675,221.5675,0.286831326797,7385.58333333,7385.58333333,0.286831326797,26.7575,891.916666667
2877,47111,5540,16,33.8,33.8,0.0147928994083,200.0,200.0,0.07,422.0625,422.0625,0.0552643269658,18758.3333333,18758.3333333,0.0552643269658,-67.175,-2985.55555556
2877,47112,5542,20,42.85,42.85,0.00116686114352,205.5,205.5,0.0510948905109,440.2575,440.2575,0.0499310062861,19567.0,19567.0,0.0499310062861,-91.5025,-4066.77777778
2877,47114,5543,16,26.15,26.15,0.0210325047801,178.5,178.5,0.0364145658263,291.5125,291.5125,0.0153938510355,11778.2828283,11778.2828283,0.0153938510355,-78.559375,-3174.11616162
2877,47115,5539,20,29.1,29.1,0.00687285223368,187.0,187.0,0.00534759358289,272.075,272.075,0.00152531471102,12092.2222222,12092.2222222,0.00152531471102,-19.125,-850.0
2877,47117,5545,20,45.05,45.05,0.0199778024417,202.0,202.0,0.0,455.005,455.005,0.0199778024417,18384.040404,18384.040404,0.0199778024417,-102.36375,-4135.90909091
2878,47107,5544,20,30.55,30.55,0.126022913257,219.5,219.5,0.0205011389522,334.42,334.42,0.105795107948,13511.9191919,13511.9191919,0.105795107948,-20.8625,-842.929292929
2878,47109,5541,16,18.75,18.75,0.0133333333333,175.5,175.5,0.042735042735,205.78125,205.78125,0.0560364464692,9145.83333333,9145.83333333,0.0560364464692,36.3625,1616.11111111
2878,47110,5546,20,27.6,27.6,0.123188405797,163.0,163.0,0.00613496932515,225.11,225.11,0.129225711874,7503.66666667,7503.66666667,0.129225711874,23.215,773.833333333
2878,47111,5540,16,27.7,27.7,0.0108303249097,191.5,191.5,0.0391644908616,331.675,331.675,0.0499736187533,14741.1111111,14741.1111111,0.0499736187533,23.2125,1031.66666667
2878,47112,5542,20,41.75,41.75,0.0299401197605,177.0,177.0,0.0338983050847,369.8625,369.8625,0.0637736996857,16438.3333333,16438.3333333,0.0637736996857,-21.1075,-938.111111111
2878,47114,5543,16,22.6,22.6,0.12389380531,171.5,171.5,0.0379008746356,243.38125,243.38125,0.161038494132,9833.58585859,9833.58585859,0.161038494132,-30.428125,-1229.41919192
2878,47115,5539,20,29.3,29.3,0.0580204778157,182.5,182.5,0.0301369863014,266.895,266.895,0.0279323329399,11862.0,11862.0,0.0279323329399,-13.945,-619.777777778
2878,47117,5545,20,42.1,42.1,0.0166270783848,185.0,185.0,0.0378378378378,389.18,389.18,0.021224112236,15724.4444444,15724.4444444,0.021224112236,-36.53875,-1476.31313131
2879,47107,5544,20,34.2,34.2,0.0350877192982,240.0,240.0,0.025,410.04,410.04,0.0100965759438,16567.2727273,16567.2727273,0.0100965759438,-96.4825,-3898.28282828
2879,47109,5541,16,17.5,17.5,0.0857142857143,196.5,196.5,0.00254452926209,214.96875,214.96875,0.0882395697049,9554.16666667,9554.16666667,0.0882395697049,27.175,1207.77777778
2879,47110,5546,20,28.35,28.35,0.0687830687831,191.0,191.0,0.0471204188482,271.62,271.62,0.115529047935,9054.0,9054.0,0.115529047935,-23.295,-776.5
2879,47111,5540,16,31.2,31.2,0.0737179487179,198.0,198.0,0.0252525252525,386.81875,386.81875,0.0987865764004,17191.9444444,17191.9444444,0.0987865764004,-31.93125,-1419.16666667
2879,47112,5542,20,37.7,37.7,0.0318302387268,197.5,197.5,0.0278481012658,371.9575,371.9575,0.00398567040589,16531.4444444,16531.4444444,0.00398567040589,-23.2025,-1031.22222222
2879,47114,5543,16,28.75,28.75,0.00869565217391,161.5,161.5,0.0402476780186,290.296875,290.296875,0.0489262070079,11729.1666667,11729.1666667,0.0489262070079,-77.34375,-3125.0
2879,47115,5539,20,29.4,29.4,0.0,182.5,182.5,0.0191780821918,268.275,268.275,0.0191780821918,11923.3333333,11923.3333333,0.0191780821918,-15.325,-681.111111111
2879,47117,5545,20,41.6,41.6,0.00240384615385,200.5,200.5,0.0274314214464,417.0675,417.0675,0.029833300365,16851.2121212,16851.2121212,0.029833300365,-64.42625,-2603.08080808
2880,47107,5544,20,35.3,35.3,0.0198300283286,246.5,246.5,0.0385395537525,435.405,435.405,0.0583250077514,17592.1212121,17592.1212121,0.0583250077514,-121.8475,-4923.13131313
2880,47109,5541,16,20.55,20.55,0.0121654501217,209.0,209.0,0.00478468899522,268.45,268.45,0.0169491525424,11931.1111111,11931.1111111,0.0169491525424,-26.30625,-1169.16666667
2880,47110,5546,20,38.3,38.3,0.0443864229765,176.0,176.0,0.0738636363636,335.935,335.935,0.0295741735752,11197.8333333,11197.8333333,0.0295741735752,-87.61,-2920.33333333
2880,47111,5540,16,32.4,32.4,0.0277777777778,201.0,201.0,0.0547263681592,406.40625,406.40625,0.0269896193772,18062.5,18062.5,0.0269896193772,-51.51875,-2289.72222222
2880,47112,5542,20,44.0,44.0,0.111363636364,197.0,197.0,0.00507614213198,433.155,433.155,0.106347612287,19251.3333333,19251.3333333,0.106347612287,-84.4,-3751.11111111
2880,47114,5543,16,19.7,19.7,0.0812182741117,180.0,180.0,0.0111111111111,221.425,221.425,0.0701704866208,8946.46464646,8946.46464646,0.0701704866208,-8.471875,-342.297979798
2880,47115,5539,20,32.25,32.25,0.11007751938,198.5,198.5,0.0377833753149,321.4125,321.4125,0.147248473535,14285.0,14285.0,0.147248473535,-68.4625,-3042.77777778
2880,47117,5545,20,38.3,38.3,0.0939947780679,226.0,226.0,0.106194690265,428.47,428.47,0.0123229164236,17311.9191919,17311.9191919,0.0123229164236,-75.82875,-3063.78787879
2881,47107,5544,20,26.3,26.3,0.0456273764259,229.5,229.5,0.0152505446623,301.5825,301.5825,0.0303979839679,12185.1515152,12185.1515152,0.0303979839679,11.975,483.838383838
2881,47109,5541,16,23.3,23.3,0.0171673819742,184.5,184.5,0.0243902439024,268.790625,268.790625,0.0415402322905,11946.25,11946.25,0.0415402322905,-26.646875,-1184.30555556
2881,47110,5546,20,34.75,34.75,0.0474820143885,190.5,190.5,0.00262467191601,331.035,331.035,0.0501004425514,11034.5,11034.5,0.0501004425514,-82.71,-2757.0
2881,47111,5540,16,31.2,31.2,0.0833333333333,199.0,199.0,0.0100502512563,388.375,388.375,0.0933054393305,17261.1111111,17261.1111111,0.0933054393305,-33.4875,-1488.33333333
2881,47112,5542,20,45.4,45.4,0.0308370044053,184.0,184.0,0.0108695652174,417.54,417.54,0.0199741342147,18557.3333333,18557.3333333,0.0199741342147,-68.785,-3057.11111111
2881,47114,5543,16,19.85,19.85,0.113350125945,180.5,180.5,0.0138504155125,224.284375,224.284375,0.127001156456,9061.99494949,9061.99494949,0.127001156456,-11.33125,-457.828282828
2881,47115,5539,20,26.5,26.5,0.11320754717,181.0,181.0,0.0497237569061,238.475,238.475,0.0638431701436,10598.8888889,10598.8888889,0.0638431701436,14.475,643.333333333
2881,47117,5545,20,44.25,44.25,0.0169491525424,201.0,201.0,0.00995024875622,444.6375,444.6375,0.00700008433837,17965.1515152,17965.1515152,0.00700008433837,-91.99625,-3717.02020202
2882,47107,5544,20,25.9,25.9,0.042471042471,242.5,242.5,0.0103092783505,313.9,313.9,0.0321758521822,12682.8282828,12682.8282828,0.0321758521822,-0.3425,-13.8383838384
2882,47109,5541,16,17.15,17.15,0.0728862973761,210.5,210.5,0.0261282660333,225.2,225.2,0.0468472468917,10008.8888889,10008.8888889,0.0468472468917,16.94375,753.055555556
2882,47110,5546,20,24.8,24.8,0.0362903225806,181.5,181.5,0.00275482093664,225.0825,225.0825,0.0390412404341,7502.75,7502.75,0.0390412404341,23.2425,774.75
2882,47111,5540,16,23.2,23.2,0.0301724137931,206.5,206.5,0.0411622276029,299.796875,299.796875,0.0712461562516,13324.3055556,13324.3055556,0.0712461562516,55.090625,2448.47222222
2882,47112,5542,20,31.5,31.5,0.031746031746,192.0,192.0,0.0885416666667,301.55,301.55,0.0569557287349,13402.2222222,13402.2222222,0.0569557287349,47.205,2098.0
2882,47114,5543,16,18.8,18.8,0.11170212766,161.5,161.5,0.0216718266254,190.221875,190.221875,0.133051863777,7685.73232323,7685.73232323,0.133051863777,22.73125,918.434343434
2882,47115,5539,20,26.55,26.55,0.0320150659134,202.5,202.5,0.041975308642,269.18,269.18,0.073891076603,11963.5555556,11963.5555556,0.073891076603,-16.23,-721.333333333
2882,47117,5545,20,31.4,31.4,0.031847133758,195.5,195.5,0.0383631713555,306.56,306.56,0.00652400835073,12386.2626263,12386.2626263,0.00652400835073,46.08125,1861.86868687
