"Culture_ID"	"Plant_ID"	"Subspecies"	55	69	188	190	191
44443	989446	"[St.Ulme.n].1"			6.3	236	1.4868
44443	989447	"[St.Ulme.n].2"			3.668	205	0.75194
44443	989448	"[St.Ulme.n].3"			7.134	215	1.53381
44443	989449	"[St.Ulme.n].4"			5.33	210	1.1193
44443	989450	"[St.Ulme.n].5"			6.776	221	1.497496
44443	989451	"[St.Ulme.n].6"			5.442	205	1.11561
44443	989452	"[St.Ulme.n].7"			5.392	225	1.2132
44443	989453	"[St.Ulme.n].8"			5.972	212	1.266064
44443	989454	"[St.Milva.n].14"			10.356	182	1.884792
44443	989455	"[St.Milva.n].15"			8.732	158	1.379656
44443	989456	"[St.Milva.n].16"			9.874	167	1.648958
44443	989457	"[St.Milva.n].17"			8.996	148	1.331408
44443	989458	"[St.Milva.n].18"			12.328	185	2.28068
44443	989459	"[St.Milva.n].19"			7.362	140	1.03068
44443	989460	"[St.Milva.n].20"			11.754	173	2.033442
44443	989461	"[St.Milva.n].21"			8.638	155	1.33889
44443	989462	"[St.Eldena.n].1"			9.444	202	1.907688
44443	989463	"[St.Eldena.n].2"			7.978	179	1.428062
44443	989464	"[St.Eldena.n].3"			9.14	206	1.88284
44443	989465	"[St.Eldena.n].4"			8.954	178	1.593812
44443	989466	"[St.Eldena.n].5"			7.044	193	1.359492
44443	989467	"[St.Eldena.n].6"			7.994	170	1.35898
44443	989468	"[St.Eldena.n].7"			7.458	185	1.37973
44443	989469	"[St.Eldena.n].8"			7.68	174	1.33632
44443	989470	"[St.Eurobravo.n].1"			10.41	196	2.04036
44443	989471	"[St.Eurobravo.n].2"			7.83	207	1.62081
44443	989472	"[St.Eurobravo.n].3"			11.046	199	2.198154
44443	989473	"[St.Eurobravo.n].4"			7.348	187	1.374076
44443	989474	"[St.Eurobravo.n].5"			11.518	187	2.153866
44443	989475	"[St.Eurobravo.n].6"			9.056	165	1.49424
44443	989476	"[St.Eurobravo.n].7"			10.66	188	2.00408
44443	989477	"[St.Eurobravo.n].8"			9.168	176	1.613568
44443	989478	"[St.Euroflora.n].1"			10.264	234	2.401776
44443	989479	"[St.Euroflora.n].2"			8.87	213	1.88931
44443	989480	"[St.Euroflora.n].3"			10.966	220	2.41252
44443	989481	"[St.Euroflora.n].4"			8.23	205	1.68715
44443	989482	"[St.Euroflora.n].5"			11.436	209	2.390124
44443	989483	"[St.Euroflora.n].6"			8.248	220	1.81456
44443	989484	"[St.Euroflora.n].7"			10.12	225	2.277
44443	989485	"[St.Euroflora.n].8"			7.726	214	1.653364
44443	989486	"[St.Euronova.n].1"			8.888	211	1.875368
44443	989487	"[St.Euronova.n].2"			8.71	183	1.59393
44443	989488	"[St.Euronova.n].3"			9.252	200	1.8504
44443	989489	"[St.Euronova.n].4"			7.048	168	1.184064
44443	989490	"[St.Euronova.n].5"			8.668	180	1.56024
44443	989491	"[St.Euronova.n].6"			8	167	1.336
44443	989492	"[St.Euronova.n].7"			7.438	195	1.45041
44443	989493	"[St.Euronova.n].8"			8.17	190	1.5523
44443	989494	"[St.Euroresa.n].1"			9.418	251	2.363918
44443	989495	"[St.Euroresa.n].2"			8.38	226	1.89388
44443	989496	"[St.Euroresa.n].3"			10.332	231	2.386692
44443	989497	"[St.Euroresa.n].4"			7.664	221	1.693744
44443	989498	"[St.Euroresa.n].5"			10.576	245	2.59112
44443	989499	"[St.Euroresa.n].6"			9.148	200	1.8296
44443	989500	"[St.Euroresa.n].7"			11.044	229	2.529076
44443	989501	"[St.Euroresa.n].8"			6.586	220	1.44892
44443	989502	"[St.Eurostarch.n].1"			10.404	197	2.049588
44443	989503	"[St.Eurostarch.n].2"			7.488	212	1.587456
44443	989504	"[St.Eurostarch.n].3"			9.32	210	1.9572
44443	989505	"[St.Eurostarch.n].4"			7.534	194	1.461596
44443	989506	"[St.Eurostarch.n].5"			11.192	217	2.428664
44443	989507	"[St.Eurostarch.n].6"			8.026	212	1.701512
44443	989508	"[St.Eurostarch.n].7"			9.392	211	1.981712
44443	989509	"[St.Eurostarch.n].8"			7.32	210	1.5372
44443	989510	"[St.Eurotango.n].1"			12.456	215	2.67804
44443	989511	"[St.Eurotango.n].2"			9.126	201	1.834326
44443	989512	"[St.Eurotango.n].3"			10.03	217	2.17651
44443	989513	"[St.Eurotango.n].4"			10.212	205	2.09346
44443	989514	"[St.Eurotango.n].5"			12.412	215	2.66858
44443	989515	"[St.Eurotango.n].6"			8.352	201	1.678752
44443	989516	"[St.Eurotango.n].7"			10.696	216	2.310336
44443	989517	"[St.Eurotango.n].8"			8.486	191	1.620826
44443	989518	"[St.Kuras.n].1"			10.326	226	2.333676
44443	989519	"[St.Kuras.n].2"			7.526	208	1.565408
44443	989520	"[St.Kuras.n].3"			9.824	240	2.35776
44443	989521	"[St.Kuras.n].4"			7.086	204	1.445544
44443	989522	"[St.Kuras.n].5"			9.284	234	2.172456
44443	989523	"[St.Kuras.n].6"			7.592	221	1.677832
44443	989524	"[St.Kuras.n].7"			8.42	228	1.91976
44443	989525	"[St.Kuras.n].8"			8.932	209	1.866788
44443	989526	"[St.Tomensa.n].1"			7.138	220	1.57036
44443	989527	"[St.Tomensa.n].2"			8.766	195	1.70937
44443	989528	"[St.Tomensa.n].3"			8.158	229	1.868182
44443	989529	"[St.Tomensa.n].4"			7.078	191	1.351898
44443	989530	"[St.Tomensa.n].5"			8.432	223	1.880336
44443	989531	"[St.Tomensa.n].6"			6.682	199	1.329718
44443	989532	"[St.Tomensa.n].7"			8.18	220	1.7996
44443	989533	"[St.Tomensa.n].8"			6.392	209	1.335928
44443	989534	"[St.Saturna.n].14"			9.116	208	1.896128
44443	989535	"[St.Saturna.n].15"			8.226	201	1.653426
44443	989536	"[St.Saturna.n].16"			9.774	203	1.984122
44443	989537	"[St.Saturna.n].17"			7.97	199	1.58603
44443	989538	"[St.Saturna.n].18"			7.628	196	1.495088
44443	989539	"[St.Saturna.n].19"			9.386	190	1.78334
44443	989540	"[St.Saturna.n].20"			8.634	217	1.873578
44443	989541	"[St.Saturna.n].21"			8.512	190	1.61728
44443	989542	"[St.Tomba.n].1"			8.48	238	2.01824
44443	989543	"[St.Tomba.n].2"			7.378	201	1.482978
44443	989544	"[St.Tomba.n].3"			7.802	226	1.763252
44443	989545	"[St.Tomba.n].4"			7.392	220	1.62624
44443	989546	"[St.Tomba.n].5"			8.844	228	2.016432
44443	989547	"[St.Tomba.n].6"			7.604	207	1.574028
44443	989548	"[St.Tomba.n].7"			8.22	217	1.78374
44443	989549	"[St.Tomba.n].8"			7.394	201	1.486194
44443	989550	"[St.Jumbo.n].1"			9.654	222	2.143188
44443	989551	"[St.Jumbo.n].2"			6.848	187	1.280576
44443	989552	"[St.Jumbo.n].3"			11.326	214	2.423764
44443	989553	"[St.Jumbo.n].4"			8.504	204	1.734816
44443	989554	"[St.Jumbo.n].5"			10.816	217	2.347072
44443	989555	"[St.Jumbo.n].6"			9.978	200	1.9956
44443	989556	"[St.Jumbo.n].7"			11.81	218	2.57458
44443	989557	"[St.Jumbo.n].8"			7.074	202	1.428948
44443	989558	"[St.Logo.n].1"			8.772	254	2.228088
44443	989559	"[St.Logo.n].2"			6.342	234	1.484028
44443	989560	"[St.Logo.n].3"			7.55	236	1.7818
44443	989561	"[St.Logo.n].4"			5.838	258	1.506204
44443	989562	"[St.Logo.n].5"			6.5	247	1.6055
44443	989563	"[St.Logo.n].6"			4.846	229	1.109734
44443	989564	"[St.Logo.n].7"			7.566	245	1.85367
44443	989565	"[St.Logo.n].8"			5.056	243	1.228608
44443	989566	"[St.Maxi.n].1"			9.062	206	1.866772
44443	989567	"[St.Maxi.n].2"			6.832	189	1.291248
44443	989568	"[St.Maxi.n].3"			9.17	217	1.98989
44443	989569	"[St.Maxi.n].4"			7.64	192	1.46688
44443	989570	"[St.Maxi.n].5"			8.602	217	1.866634
44443	989571	"[St.Maxi.n].6"			6.62	194	1.28428
44443	989572	"[St.Maxi.n].7"			9.518	197	1.875046
44443	989573	"[St.Maxi.n].8"			7.788	186	1.448568
44443	989574	"[St.Power.n].1"			8.556	251	2.147556
44443	989575	"[St.Power.n].2"			6.08	227	1.38016
44443	989576	"[St.Power.n].3"			9.376	251	2.353376
44443	989577	"[St.Power.n].4"			7.156	217	1.552852
44443	989578	"[St.Power.n].5"			7.058	241	1.700978
44443	989579	"[St.Power.n].6"			7.154	225	1.60965
44443	989580	"[St.Power.n].7"			6.754	228	1.539912
44443	989581	"[St.Power.n].8"			7	220	1.54
44443	989582	"[St.Sommergold.n].1"			8.65	230	1.9895
44443	989583	"[St.Sommergold.n].2"			6.82	217	1.47994
44443	989584	"[St.Sommergold.n].3"			8.122	224	1.819328
44443	989585	"[St.Sommergold.n].4"			6.732	205	1.38006
44443	989586	"[St.Sommergold.n].5"			7.658	236	1.807288
44443	989587	"[St.Sommergold.n].6"			5.7	207	1.1799
44443	989588	"[St.Sommergold.n].7"			8.314	243	2.020302
44443	989589	"[St.Sommergold.n].8"			7.376	211	1.556336
44443	989590	"[St.Jasira.n].1"			9.094	194	1.764236
44443	989591	"[St.Jasira.n].2"			8.852	197	1.743844
44443	989592	"[St.Jasira.n].3"			11.134	213	2.371542
44443	989593	"[St.Jasira.n].4"			7.678	194	1.489532
44443	989594	"[St.Jasira.n].5"			11.476	194	2.226344
44443	989595	"[St.Jasira.n].6"			9.742	202	1.967884
44443	989596	"[St.Jasira.n].7"			8.838	205	1.81179
44443	989597	"[St.Jasira.n].8"			6.92	202	1.39784
44443	989598	"[St.Desiree.n].1034"			7.32	162	1.18584
44443	989599	"[St.Desiree.n].1035"			5.278	156	0.823368
44443	989600	"[St.Desiree.n].1036"			5.836	162	0.945432
44443	989601	"[St.Desiree.n].1037"			5.366	148	0.794168
44443	989602	"[St.Desiree.n].1038"			6.236	165	1.02894
44443	989603	"[St.Desiree.n].1039"			8.074	148	1.194952
44443	989604	"[St.Desiree.n].1040"			6.518	172	1.121096
44443	989605	"[St.Desiree.n].1041"			5.204	138	0.718152
44443	989606	"[St.Albatros.n].1"			7.542	243	1.832706
44443	989607	"[St.Albatros.n].2"			7.894	227	1.791938
44443	989608	"[St.Albatros.n].3"			7.88	243	1.91484
44443	989609	"[St.Albatros.n].4"			6.824	230	1.56952
44443	989610	"[St.Albatros.n].5"			6.83	247	1.68701
44443	989611	"[St.Albatros.n].6"			7.848	217	1.703016
44443	989612	"[St.Albatros.n].7"			7.82	240	1.8768
44443	989613	"[St.Albatros.n].8"			7.644	230	1.75812
44443	989614	"[St.Alegria.n].14"			8.87	177	1.56999
44443	989615	"[St.Alegria.n].15"			7.55	152	1.1476
44443	989616	"[St.Alegria.n].16"			8.72	185	1.6132
44443	989617	"[St.Alegria.n].17"			6.762	157	1.061634
44443	989618	"[St.Alegria.n].18"			8.44	183	1.54452
44443	989619	"[St.Alegria.n].19"			7.67	154	1.18118
44443	989620	"[St.Alegria.n].20"			10.856	178	1.932368
44443	989621	"[St.Alegria.n].21"			8.924	174	1.552776
44443	989622	"[St.Karlena.n].1"			7.224	225	1.6254
44443	989623	"[St.Karlena.n].2"			5.146	179	0.921134
44443	989624	"[St.Karlena.n].3"			7.024	189	1.327536
44443	989625	"[St.Karlena.n].4"			7.652	182	1.392664
44443	989626	"[St.Karlena.n].5"			7.412	206	1.526872
44443	989627	"[St.Karlena.n].6"			5.22	183	0.95526
44443	989628	"[St.Karlena.n].7"			6.918	203	1.404354
44443	989629	"[St.Karlena.n].8"			6.628	182	1.206296
44443	989630	"[St.Kiebitz.n].1"			6.192	185	1.14552
44443	989631	"[St.Kiebitz.n].2"			4.956	180	0.89208
44443	989632	"[St.Kiebitz.n].3"			5.612	206	1.156072
44443	989633	"[St.Kiebitz.n].4"			5.458	209	1.140722
44443	989634	"[St.Kiebitz.n].5"			6.618	207	1.369926
44443	989635	"[St.Kiebitz.n].6"			6.182	186	1.149852
44443	989636	"[St.Kiebitz.n].7"			6.946	213	1.479498
44443	989637	"[St.Kiebitz.n].8"			5.122	179	0.916838
44443	989638	"[St.Kolibri.n].1"			6.504	220	1.43088
44443	989639	"[St.Kolibri.n].2"			4.94	197	0.97318
44443	989640	"[St.Kolibri.n].3"			6.282	231	1.451142
44443	989641	"[St.Kolibri.n].4"			5.336	211	1.125896
44443	989642	"[St.Kolibri.n].5"			6.364	219	1.393716
44443	989643	"[St.Kolibri.n].6"			6.29	207	1.30203
44443	989644	"[St.Kolibri.n].7"			7.902	218	1.722636
44443	989645	"[St.Kolibri.n].8"			5.286	209	1.104774
44443	989646	"[St.Kormoran.n].1"			8.162	243	1.983366
44443	989647	"[St.Kormoran.n].2"			5.302	214	1.134628
44443	989648	"[St.Kormoran.n].3"			8.006	240	1.92144
44443	989649	"[St.Kormoran.n].4"			6.61	221	1.46081
44443	989650	"[St.Kormoran.n].5"			8.208	240	1.96992
44443	989651	"[St.Kormoran.n].6"			5.024	217	1.090208
44443	989652	"[St.Kormoran.n].7"			8.056	249	2.005944
44443	989653	"[St.Kormoran.n].8"			5.744	215	1.23496
44443	989654	"[St.Maxilla.n].1"			9.63	232	2.23416
44443	989655	"[St.Maxilla.n].2"			9.638	209	2.014342
44443	989656	"[St.Maxilla.n].3"			9.902	243	2.406186
44443	989657	"[St.Maxilla.n].4"			7	236	1.652
44443	989658	"[St.Maxilla.n].5"			8.708	224	1.950592
44443	989659	"[St.Maxilla.n].6"			7.546	210	1.58466
44443	989660	"[St.Maxilla.n].7"			9.182	238	2.185316
44443	989661	"[St.Maxilla.n].8"			7.39	217	1.60363
44443	989662	"[St.Pirol.n].1"			7.98	207	1.65186
44443	989663	"[St.Pirol.n].2"			8.834	194	1.713796
44443	989664	"[St.Pirol.n].3"			8.426	202	1.702052
44443	989665	"[St.Pirol.n].4"			6.542	200	1.3084
44443	989666	"[St.Pirol.n].5"			9.03	194	1.75182
44443	989667	"[St.Pirol.n].6"			8.398	191	1.604018
44443	989668	"[St.Pirol.n].7"			9.606	209	2.007654
44443	989669	"[St.Pirol.n].8"			8.044	205	1.64902
44443	989670	"[St.Burana.n].1"			9.944	230	2.28712
44443	989671	"[St.Burana.n].2"			9.148	218	1.994264
44443	989672	"[St.Burana.n].3"			9.564	238	2.276232
44443	989673	"[St.Burana.n].4"			7.176	221	1.585896
44443	989674	"[St.Burana.n].5"			11.128	247	2.748616
44443	989675	"[St.Burana.n].6"			6.94	229	1.58926
44443	989676	"[St.Burana.n].7"			10.394	227	2.359438
44443	989677	"[St.Burana.n].8"			9.322	212	1.976264
44443	989678	"[St.Golf.n].1"			8.298	219	1.817262
44443	989679	"[St.Golf.n].2"			6.37	205	1.30585
44443	989680	"[St.Golf.n].3"			6.52	226	1.47352
44443	989681	"[St.Golf.n].4"			6.898	208	1.434784
44443	989682	"[St.Golf.n].5"			7.334	210	1.54014
44443	989683	"[St.Golf.n].6"			4.39	194	0.85166
44443	989684	"[St.Golf.n].7"			9.342	224	2.092608
44443	989685	"[St.Golf.n].8"			7.948	213	1.692924
44443	989686	"[St.Priamos.n].1"			7.66	216	1.65456
44443	989687	"[St.Priamos.n].2"			7.876	214	1.685464
44443	989688	"[St.Priamos.n].3"			9.63	228	2.19564
44443	989689	"[St.Priamos.n].4"			7.59	199	1.51041
44443	989690	"[St.Priamos.n].5"			5.044	211	1.064284
44443	989691	"[St.Priamos.n].6"			6.886	189	1.301454
44443	989692	"[St.Priamos.n].7"			7.558	218	1.647644
44443	989693	"[St.Priamos.n].8"			7.662	196	1.501752
44443	989694	"[St.Ramses.n].1"			9.002	216	1.944432
44443	989695	"[St.Ramses.n].2"			8.708	203	1.767724
44443	989696	"[St.Ramses.n].3"			9.2	199	1.8308
44443	989697	"[St.Ramses.n].4"			7.524	209	1.572516
44443	989698	"[St.Ramses.n].5"			10.222	214	2.187508
44443	989699	"[St.Ramses.n].6"			7.632	205	1.56456
44443	989700	"[St.Ramses.n].7"			10.626	209	2.220834
44443	989701	"[St.Ramses.n].8"			7.326	213	1.560438
44443	989702	"[St.Sibu.n].1"			10.098	189	1.908522
44443	989703	"[St.Sibu.n].2"			6.918	176	1.217568
44443	989704	"[St.Sibu.n].3"			8.942	223	1.994066
44443	989705	"[St.Sibu.n].4"			7.348	186	1.366728
44443	989706	"[St.Sibu.n].5"			8.258	220	1.81676
44443	989707	"[St.Sibu.n].6"			9.372	179	1.677588
44443	989708	"[St.Sibu.n].7"			10.526	202	2.126252
44443	989709	"[St.Sibu.n].8"			7.752	198	1.534896
44443	989710	"[St.Verdi.n].1"			7.586	222	1.684092
44443	989711	"[St.Verdi.n].2"			7.662	215	1.64733
44443	989712	"[St.Verdi.n].3"			10.624	222	2.358528
44443	989713	"[St.Verdi.n].4"			8.002	213	1.704426
44443	989714	"[St.Verdi.n].5"			9.824	215	2.11216
44443	989715	"[St.Verdi.n].6"			6.95	220	1.529
44443	989716	"[St.Verdi.n].7"			8.57	211	1.80827
44443	989717	"[St.Verdi.n].8"			7.54	229	1.72666
44443	989718	"[St.Milva.n].22"			9.262	174	1.611588
44443	989719	"[St.Milva.n].23"			9.05	148	1.3394
44443	989720	"[St.Milva.n].24"			10.326	181	1.869006
44443	989721	"[St.Milva.n].25"			7.416	155	1.14948
44443	989722	"[St.Milva.n].26"			9.734	184	1.791056
44443	989723	"[St.Milva.n].27"			6.104	146	0.891184
44443	989724	"[St.Milva.n].28"			11.608	159	1.845672
44443	989725	"[St.Milva.n].29"			8.342	159	1.326378
44443	989726	"[St.Saturna.n].22"			8.792	211	1.855112
44443	989727	"[St.Saturna.n].23"			6.354	189	1.200906
44443	989728	"[St.Saturna.n].24"			8.47	202	1.71094
44443	989729	"[St.Saturna.n].25"			8.666	207	1.793862
44443	989730	"[St.Saturna.n].26"			9.468	201	1.903068
44443	989731	"[St.Saturna.n].27"			6.808	190	1.29352
44443	989732	"[St.Saturna.n].28"			9.33	205	1.91265
44443	989733	"[St.Saturna.n].29"			7.494	177	1.326438
44443	989734	"[St.Desiree.n].1042"			4.698	150	0.7047
44443	989735	"[St.Desiree.n].1043"			6.896	159	1.096464
44443	989736	"[St.Desiree.n].1044"			8.666	168	1.455888
44443	989737	"[St.Desiree.n].1045"			4.674	148	0.691752
44443	989738	"[St.Desiree.n].1046"			7.384	173	1.277432
44443	989739	"[St.Desiree.n].1047"			7.052	150	1.0578
44443	989740	"[St.Desiree.n].1048"			7.082	163	1.154366
44443	989741	"[St.Desiree.n].1049"			5.192	140	0.72688
44443	989742	"[St.Alegria.n].22"			9.842	175	1.72235
44443	989743	"[St.Alegria.n].23"			7.12	156	1.11072
44443	989744	"[St.Alegria.n].24"			9.924	182	1.806168
44443	989745	"[St.Alegria.n].25"			7.66	162	1.24092
44443	989746	"[St.Alegria.n].26"			9.154	180	1.64772
44443	989747	"[St.Alegria.n].27"			7.27	170	1.2359
44443	989748	"[St.Alegria.n].28"			10.136	173	1.753528
44443	989749	"[St.Alegria.n].29"			8.398	166	1.394068
45985	1018681	"[St.Milva.n].84"			0.25509	115.9514	0.029578
45985	1018682	"[St.Milva.n].85"			0.26091	136.8574	0.035707
45985	1018683	"[St.Milva.n].86"			0.25642	153.5822	0.039382
45985	1018684	"[St.Milva.n].87"			0.25786	136.8574	0.03529
45985	1018685	"[St.Milva.n].88"			0.31211	130.5856	0.040757
45985	1018686	"[St.Milva.n].89"			0.25329	151.4916	0.038371
45985	1018687	"[St.Milva.n].90"			0.30007	92.9548	0.027893
45985	1018688	"[St.Milva.n].91"			0.35563	120.1326	0.042723
45985	1018689	"[St.Milva.n].92"			0.36737	124.3138	0.045669
45985	1018690	"[St.Milva.n].93"			0.36372	157.7634	0.057382
45985	1018691	"[St.Milva.n].94"			0.3226	157.7634	0.050894
45985	1018692	"[St.Milva.n].95"			0.31431	153.5822	0.048272
45985	1018693	"[St.Milva.n].96"			0.27986	128.495	0.035961
45985	1018694	"[St.Milva.n].97"			0.1966	143.1292	0.028139
45985	1018695	"[St.Milva.n].98"			0.29772	147.3104	0.043857
45985	1018696	"[St.Milva.n].99"			0.4312	145.2198	0.062619
45985	1018697	"[St.Milva.n].100"			0.37794	130.5856	0.049354
45985	1018698	"[St.Milva.n].101"			0.35958	138.948	0.049963
45985	1018699	"[St.Milva.n].102"			0.33031	147.3104	0.048658
45985	1018700	"[St.Milva.n].103"			0.31405	151.4916	0.047576
45985	1018701	"[St.Milva.n].104"			0.28849	134.7668	0.038879
45985	1018702	"[St.Milva.n].105"			0.27986	136.8574	0.038301
45985	1018703	"[St.Milva.n].106"			0.36657	141.0386	0.051701
45985	1018704	"[St.Milva.n].107"			0.29077	141.0386	0.04101
45985	1018705	"[St.Saturna.n].82"			0	0	0
45985	1018706	"[St.Saturna.n].83"			0.17999	182.8506	0.032911
45985	1018707	"[St.Saturna.n].84"			0.16717	176.5788	0.029519
45985	1018708	"[St.Saturna.n].85"			0.18506	199.5754	0.036933
45985	1018709	"[St.Saturna.n].86"			0.2145	189.1224	0.040567
45985	1018710	"[St.Saturna.n].87"			0.20752	187.0318	0.038813
45985	1018711	"[St.Saturna.n].88"			0.21703	197.4848	0.04286
45985	1018712	"[St.Saturna.n].89"			0.20641	184.9412	0.038174
45985	1018713	"[St.Saturna.n].90"			0.22272	182.8506	0.040724
45985	1018714	"[St.Saturna.n].91"			0.20939	191.213	0.040038
45985	1018715	"[St.Saturna.n].92"			0.21444	187.0318	0.040107
45985	1018716	"[St.Saturna.n].93"			0.25036	195.3942	0.048919
45985	1018717	"[St.Saturna.n].94"			0.16666	191.213	0.031868
45985	1018718	"[St.Saturna.n].95"			0.19939	197.4848	0.039376
45985	1018719	"[St.Saturna.n].96"			0.24275	184.9412	0.044894
45985	1018720	"[St.Saturna.n].97"			0.20925	178.6694	0.037387
45985	1018721	"[St.Saturna.n].98"			0.23895	207.9378	0.049687
45985	1018722	"[St.Saturna.n].99"			0.23455	184.9412	0.043378
45985	1018723	"[St.Saturna.n].100"			0.19509	182.8506	0.035672
45985	1018724	"[St.Saturna.n].101"			0.2313	180.76	0.04181
45985	1018725	"[St.Saturna.n].102"			0	0	0
45985	1018726	"[St.Saturna.n].103"			0.2114	197.4848	0.041748
45985	1018727	"[St.Saturna.n].104"			0.20331	187.0318	0.038025
45985	1018728	"[St.Saturna.n].105"			0.26387	174.4882	0.046042
45985	1018729	"[St.Desiree.n].1055"			0.2641	164.0352	0.043322
45985	1018730	"[St.Desiree.n].1056"			0.34103	170.307	0.05808
45985	1018731	"[St.Desiree.n].1057"			0.27746	184.9412	0.051314
45985	1018732	"[St.Desiree.n].1058"			0.24039	178.6694	0.04295
45985	1018733	"[St.Desiree.n].1059"			0.24479	172.3976	0.042201
45985	1018734	"[St.Desiree.n].1060"			0.26329	172.3976	0.045391
45985	1018735	"[St.Desiree.n].1061"			0.14918	168.2164	0.025095
45985	1018736	"[St.Desiree.n].1062"			0.25147	176.5788	0.044404
45985	1018737	"[St.Desiree.n].1063"			0.32313	174.4882	0.056382
45985	1018738	"[St.Desiree.n].1064"			0	0	0
45985	1018739	"[St.Desiree.n].1065"			0.29364	172.3976	0.050623
45985	1018740	"[St.Desiree.n].1066"			0.27025	193.3036	0.05224
45985	1018741	"[St.Desiree.n].1067"			0.28033	180.76	0.050672
45985	1018742	"[St.Desiree.n].1068"			0.26183	170.307	0.044591
45985	1018743	"[St.Desiree.n].1069"			0.26864	170.307	0.045751
45985	1018744	"[St.Desiree.n].1070"			0.34539	164.0352	0.056656
45985	1018745	"[St.Desiree.n].1071"			0.2961	164.0352	0.048571
45985	1018746	"[St.Desiree.n].1072"			0.21696	172.3976	0.037403
45985	1018747	"[St.Desiree.n].1073"			0.30637	172.3976	0.052817
45985	1018748	"[St.Desiree.n].1074"			0.29691	189.1224	0.056152
45985	1018749	"[St.Desiree.n].1075"			0.30142	178.6694	0.053855
45985	1018750	"[St.Desiree.n].1076"			0.27834	174.4882	0.048567
45985	1018751	"[St.Desiree.n].1077"			0.31676	182.8506	0.05792
45985	1018752	"[St.Desiree.n].1078"			0.33067	178.6694	0.059081
45985	1018753	"[St.Alegria.n].82"			0.23194	126.4044	0.029318
45985	1018754	"[St.Alegria.n].83"			0.2108	141.0386	0.029731
45985	1018755	"[St.Alegria.n].84"			0.21819	151.4916	0.033054
45985	1018756	"[St.Alegria.n].85"			0.17646	136.8574	0.02415
45985	1018757	"[St.Alegria.n].86"			0.21268	153.5822	0.032664
45985	1018758	"[St.Alegria.n].87"			0.18137	145.2198	0.026339
45985	1018759	"[St.Alegria.n].88"			0.14734	128.495	0.018932
45985	1018760	"[St.Alegria.n].89"			0.23718	130.5856	0.030972
45985	1018761	"[St.Alegria.n].90"			0.25368	126.4044	0.032066
45985	1018762	"[St.Alegria.n].91"			0.23921	164.0352	0.039239
45985	1018763	"[St.Alegria.n].92"			0.25966	147.3104	0.038251
45985	1018764	"[St.Alegria.n].93"			0.25079	155.6728	0.039041
45985	1018765	"[St.Alegria.n].94"			0.18572	168.2164	0.031241
45985	1018766	"[St.Alegria.n].95"			0.20951	157.7634	0.033053
45985	1018767	"[St.Alegria.n].96"			0.24276	155.6728	0.037791
45985	1018768	"[St.Alegria.n].97"			0.23554	153.5822	0.036175
45985	1018769	"[St.Alegria.n].98"			0.24544	145.2198	0.035643
45985	1018770	"[St.Alegria.n].99"			0.22172	159.854	0.035443
45985	1018771	"[St.Alegria.n].100"			0.20421	155.6728	0.03179
45985	1018772	"[St.Alegria.n].101"			0.23567	159.854	0.037673
45985	1018773	"[St.Alegria.n].102"			0.21259	176.5788	0.037539
45985	1018774	"[St.Alegria.n].103"			0.22114	159.854	0.03535
45985	1018775	"[St.Alegria.n].104"			0.27257	155.6728	0.042432
45985	1018776	"[St.Alegria.n].105"			0.25973	138.948	0.036089
45985	1018778	"[St.Milva.n].108"			0.09658	95.0454	0.009179
45985	1018779	"[St.Milva.n].109"			0.10686	130.5856	0.013954
45985	1018780	"[St.Milva.n].110"			0.10124	113.8608	0.011527
45985	1018781	"[St.Milva.n].111"			0.09644	113.8608	0.010981
45985	1018782	"[St.Milva.n].112"			0.08967	126.4044	0.011335
45985	1018783	"[St.Milva.n].113"			0.09586	138.948	0.01332
45985	1018784	"[St.Milva.n].114"			0.10732	122.2232	0.013117
45985	1018785	"[St.Milva.n].115"			0.09736	126.4044	0.012307
45985	1018786	"[St.Milva.n].116"			0.11598	113.8608	0.013206
45985	1018787	"[St.Milva.n].117"			0.12894	128.495	0.016568
45985	1018788	"[St.Milva.n].118"			0.12626	122.2232	0.015432
45985	1018789	"[St.Milva.n].119"			0.10809	130.5856	0.014115
45985	1018790	"[St.Milva.n].120"			0.1025	132.6762	0.013599
45985	1018791	"[St.Milva.n].121"			0.11663	132.6762	0.015474
45985	1018792	"[St.Milva.n].122"			0.11571	118.042	0.013659
45985	1018793	"[St.Milva.n].123"			0.10939	134.7668	0.014742
45985	1018794	"[St.Milva.n].124"			0.063	170.307	0.010729
45985	1018795	"[St.Milva.n].125"			0.0829	151.4916	0.012559
45985	1018796	"[St.Milva.n].126"			0.09917	157.7634	0.015645
45985	1018797	"[St.Milva.n].127"			0.09609	151.4916	0.014557
45985	1018798	"[St.Milva.n].128"			0.10138	166.1258	0.016842
45985	1018799	"[St.Milva.n].129"			0.09203	170.307	0.015673
45985	1018800	"[St.Milva.n].130"			0.08358	161.9446	0.013535
45985	1018801	"[St.Milva.n].131"			0.08802	159.854	0.01407
45985	1018802	"[St.Saturna.n].106"			0.09707	134.7668	0.013082
45985	1018803	"[St.Saturna.n].107"			0.0939	157.7634	0.014814
45985	1018804	"[St.Saturna.n].108"			0.08315	166.1258	0.013813
45985	1018805	"[St.Saturna.n].109"			0.06333	145.2198	0.009197
45985	1018806	"[St.Saturna.n].110"			0.08019	149.401	0.01198
45985	1018807	"[St.Saturna.n].111"			0.08296	143.1292	0.011874
45985	1018808	"[St.Saturna.n].112"			0.08251	151.4916	0.0125
45985	1018809	"[St.Saturna.n].113"			0.09097	157.7634	0.014352
45985	1018810	"[St.Saturna.n].114"			0.08948	151.4916	0.013555
45985	1018811	"[St.Saturna.n].115"			0.10117	159.854	0.016172
45985	1018812	"[St.Saturna.n].116"			0.09367	147.3104	0.013799
45985	1018813	"[St.Saturna.n].117"			0.0974	159.854	0.01557
45985	1018814	"[St.Saturna.n].118"			0.09778	161.9446	0.015835
45985	1018815	"[St.Saturna.n].119"			0.10346	149.401	0.015457
45985	1018816	"[St.Saturna.n].120"			0.10548	164.0352	0.017302
45985	1018817	"[St.Saturna.n].121"			0.09616	141.0386	0.013562
45985	1018818	"[St.Saturna.n].122"			0.0957	159.854	0.015298
45985	1018819	"[St.Saturna.n].123"			0.09881	143.1292	0.014143
45985	1018820	"[St.Saturna.n].124"			0.0944	153.5822	0.014498
45985	1018821	"[St.Saturna.n].125"			0.10166	151.4916	0.015401
45985	1018822	"[St.Saturna.n].126"			0.10175	153.5822	0.015627
45985	1018823	"[St.Saturna.n].127"			0.08796	161.9446	0.014245
45985	1018824	"[St.Saturna.n].128"			0.09594	145.2198	0.013932
45985	1018825	"[St.Saturna.n].129"			0.10021	145.2198	0.014552
45985	1018826	"[St.Desiree.n].1079"			0.10024	115.9514	0.011623
45985	1018827	"[St.Desiree.n].1080"			0.10674	118.042	0.0126
45985	1018828	"[St.Desiree.n].1081"			0.09821	118.042	0.011593
45985	1018829	"[St.Desiree.n].1082"			0.09205	120.1326	0.011058
45985	1018830	"[St.Desiree.n].1083"			0.09256	124.3138	0.011506
45985	1018831	"[St.Desiree.n].1084"			0.09763	118.042	0.011524
45985	1018832	"[St.Desiree.n].1085"			0.09796	132.6762	0.012997
45985	1018833	"[St.Desiree.n].1086"			0.10158	124.3138	0.012628
45985	1018834	"[St.Desiree.n].1087"			0.12083	128.495	0.015526
45985	1018835	"[St.Desiree.n].1088"			0.11456	128.495	0.01472
45985	1018836	"[St.Desiree.n].1089"			0.1203	134.7668	0.016212
45985	1018837	"[St.Desiree.n].1090"			0.09815	122.2232	0.011996
45985	1018838	"[St.Desiree.n].1091"			0.11361	136.8574	0.015548
45985	1018839	"[St.Desiree.n].1092"			0.12528	134.7668	0.016884
45985	1018840	"[St.Desiree.n].1093"			0.12187	136.8574	0.016679
45985	1018841	"[St.Desiree.n].1094"			0.12344	124.3138	0.015345
45985	1018842	"[St.Desiree.n].1095"			0.09348	157.7634	0.014748
45985	1018843	"[St.Desiree.n].1096"			0.09739	157.7634	0.015365
45985	1018844	"[St.Desiree.n].1097"			0.09217	159.854	0.014734
45985	1018845	"[St.Desiree.n].1098"			0.09842	161.9446	0.015939
45985	1018846	"[St.Desiree.n].1099"			0.09225	176.5788	0.016289
45985	1018847	"[St.Desiree.n].1100"			0.09732	168.2164	0.016371
45985	1018848	"[St.Desiree.n].1101"			0.09902	172.3976	0.017071
45985	1018849	"[St.Desiree.n].1102"			0.1032	174.4882	0.018007
45985	1018850	"[St.Alegria.n].106"			0.08688	149.401	0.01298
45985	1018851	"[St.Alegria.n].107"			0.08799	143.1292	0.012594
45985	1018852	"[St.Alegria.n].108"			0.08724	145.2198	0.012669
45985	1018853	"[St.Alegria.n].109"			0.08503	147.3104	0.012526
45985	1018854	"[St.Alegria.n].110"			0.09792	130.5856	0.012787
45985	1018855	"[St.Alegria.n].111"			0.09244	145.2198	0.013424
45985	1018856	"[St.Alegria.n].112"			0.10014	134.7668	0.013496
45985	1018857	"[St.Alegria.n].113"			0.09407	141.0386	0.013268
45985	1018858	"[St.Alegria.n].114"			0.10547	134.7668	0.014214
45985	1018859	"[St.Alegria.n].115"			0.09615	141.0386	0.013561
45985	1018860	"[St.Alegria.n].116"			0.11738	126.4044	0.014837
45985	1018861	"[St.Alegria.n].117"			0.10426	153.5822	0.016012
45985	1018862	"[St.Alegria.n].118"			0.09763	155.6728	0.015198
45985	1018863	"[St.Alegria.n].119"			0.10319	151.4916	0.015632
45985	1018864	"[St.Alegria.n].120"			0.10556	164.0352	0.017316
45985	1018865	"[St.Alegria.n].121"			0.11306	124.3138	0.014055
45985	1018866	"[St.Alegria.n].122"			0.11357	136.8574	0.015543
45985	1018867	"[St.Alegria.n].123"			0.0995	141.0386	0.014033
45985	1018868	"[St.Alegria.n].124"			0.11282	136.8574	0.01544
45985	1018869	"[St.Alegria.n].125"			0.10494	155.6728	0.016336
45985	1018870	"[St.Alegria.n].126"			0.10732	136.8574	0.014688
45985	1018871	"[St.Alegria.n].127"			0.11131	124.3138	0.013837
45985	1018872	"[St.Alegria.n].128"			0.11732	128.495	0.015075
45985	1018873	"[St.Alegria.n].129"			0.11661	109.6796	0.01279
45990	1018875	"[St.Ulme.n].9"			0.30637	201.666	0.061784
45990	1018876	"[St.Ulme.n].10"			0.31779	191.213	0.060766
45990	1018877	"[St.Ulme.n].11"			0.33144	197.4848	0.065454
45990	1018878	"[St.Ulme.n].12"			0.31402	184.9412	0.058075
45990	1018879	"[St.Ulme.n].13"			0.28739	189.1224	0.054352
45990	1018880	"[St.Ulme.n].14"			0.30518	218.3908	0.066649
45990	1018881	"[St.Ulme.n].15"			0.33522	205.8472	0.069004
45990	1018882	"[St.Ulme.n].16"			0.30682	224.6626	0.068931
45990	1018883	"[St.Eldena.n].9"			0.34461	170.307	0.058689
45990	1018884	"[St.Eldena.n].10"			0.35125	159.854	0.056149
45990	1018885	"[St.Eldena.n].11"			0.37178	153.5822	0.057099
45990	1018886	"[St.Eldena.n].12"			0.3573	166.1258	0.059357
45990	1018887	"[St.Eldena.n].13"			0.40117	159.854	0.064129
45990	1018888	"[St.Eldena.n].14"			0.34544	151.4916	0.052331
45990	1018889	"[St.Eldena.n].15"			0.35849	161.9446	0.058056
45990	1018890	"[St.Eldena.n].16"			0.35388	166.1258	0.058789
45990	1018891	"[St.Eurobravo.n].9"			0.38594	184.9412	0.071376
45990	1018892	"[St.Eurobravo.n].10"			0.40026	180.76	0.072351
45990	1018893	"[St.Eurobravo.n].11"			0.41788	180.76	0.075536
45990	1018894	"[St.Eurobravo.n].12"			0.42095	172.3976	0.072571
45990	1018895	"[St.Eurobravo.n].13"			0.40404	184.9412	0.074724
45990	1018896	"[St.Eurobravo.n].14"			0.39513	189.1224	0.074728
45990	1018897	"[St.Eurobravo.n].15"			0.41541	187.0318	0.077695
45990	1018898	"[St.Eurobravo.n].16"			0.36906	178.6694	0.06594
45990	1018899	"[St.Euroflora.n].9"			0.32534	216.3002	0.070371
45990	1018900	"[St.Euroflora.n].10"			0.35052	201.666	0.070688
45990	1018901	"[St.Euroflora.n].11"			0.39138	182.8506	0.071564
45990	1018902	"[St.Euroflora.n].12"			0.39245	193.3036	0.075862
45990	1018903	"[St.Euroflora.n].13"			0.37	205.8472	0.076163
45990	1018904	"[St.Euroflora.n].14"			0.38043	203.7566	0.077515
45990	1018905	"[St.Euroflora.n].15"			0.36518	199.5754	0.072881
45990	1018906	"[St.Euroflora.n].16"			0.35511	199.5754	0.070871
45990	1018907	"[St.Euronova.n].9"			0.347	193.3036	0.067076
45990	1018908	"[St.Euronova.n].10"			0.35748	180.76	0.064618
45990	1018909	"[St.Euronova.n].11"			0.37602	170.307	0.064039
45990	1018910	"[St.Euronova.n].12"			0.40848	161.9446	0.066151
45990	1018911	"[St.Euronova.n].13"			0.38463	182.8506	0.07033
45990	1018912	"[St.Euronova.n].14"			0.38287	189.1224	0.072409
45990	1018913	"[St.Euronova.n].15"			0.36382	184.9412	0.067285
45990	1018914	"[St.Euronova.n].16"			0.33828	197.4848	0.066805
45990	1018915	"[St.Euroresa.n].9"			0.36834	224.6626	0.082752
45990	1018916	"[St.Euroresa.n].10"			0.38628	216.3002	0.083552
45990	1018917	"[St.Euroresa.n].11"			0.44649	218.3908	0.097509
45990	1018918	"[St.Euroresa.n].12"			0.46303	228.8438	0.105962
45990	1018919	"[St.Euroresa.n].13"			0.41299	233.025	0.096237
45990	1018920	"[St.Euroresa.n].14"			0.41162	241.3874	0.09936
45990	1018921	"[St.Euroresa.n].15"			0.36935	245.5686	0.090701
45990	1018922	"[St.Euroresa.n].16"			0.36677	237.2062	0.087
45990	1018923	"[St.Eurostarch.n].9"			0.37908	191.213	0.072485
45990	1018924	"[St.Eurostarch.n].10"			0.37322	187.0318	0.069804
45990	1018925	"[St.Eurostarch.n].11"			0.43575	159.854	0.069656
45990	1018926	"[St.Eurostarch.n].12"			0.44657	176.5788	0.078855
45990	1018927	"[St.Eurostarch.n].13"			0.35976	176.5788	0.063526
45990	1018928	"[St.Eurostarch.n].14"			0.42576	191.213	0.081411
45990	1018929	"[St.Eurostarch.n].15"			0.42369	184.9412	0.078358
45990	1018930	"[St.Eurostarch.n].16"			0.36988	199.5754	0.073819
45990	1018931	"[St.Eurotango.n].9"			0.3884	178.6694	0.069395
45990	1018932	"[St.Eurotango.n].10"			0.40082	170.307	0.068262
45990	1018933	"[St.Eurotango.n].11"			0.45356	166.1258	0.075348
45990	1018934	"[St.Eurotango.n].12"			0.44125	168.2164	0.074225
45990	1018935	"[St.Eurotango.n].13"			0.40844	178.6694	0.072976
45990	1018936	"[St.Eurotango.n].14"			0.45405	180.76	0.082074
45990	1018937	"[St.Eurotango.n].15"			0.40147	178.6694	0.07173
45990	1018938	"[St.Eurotango.n].16"			0.37704	178.6694	0.067366
45990	1018939	"[St.Kuras.n].9"			0.34963	195.3942	0.068316
45990	1018940	"[St.Kuras.n].10"			0.39468	191.213	0.075468
45990	1018941	"[St.Kuras.n].11"			0.41675	187.0318	0.077946
45990	1018942	"[St.Kuras.n].12"			0.43316	187.0318	0.081015
45990	1018943	"[St.Kuras.n].13"			0.41857	199.5754	0.083536
45990	1018944	"[St.Kuras.n].14"			0.40504	199.5754	0.080836
45990	1018945	"[St.Kuras.n].15"			0.38575	201.666	0.077793
45990	1018946	"[St.Kuras.n].16"			0.37418	193.3036	0.07233
45990	1018947	"[St.Tomensa.n].9"			0.32139	222.572	0.071532
45990	1018948	"[St.Tomensa.n].10"			0.32381	214.2096	0.069363
45990	1018949	"[St.Tomensa.n].11"			0.32124	214.2096	0.068813
45990	1018950	"[St.Tomensa.n].12"			0.33086	214.2096	0.070873
45990	1018951	"[St.Tomensa.n].13"			0.31397	212.119	0.066599
45990	1018952	"[St.Tomensa.n].14"			0.30248	218.3908	0.066059
45990	1018953	"[St.Tomensa.n].15"			0.34442	214.2096	0.073778
45990	1018954	"[St.Tomensa.n].16"			0.31925	230.9344	0.073726
45990	1018955	"[St.Tomba.n].9"			0.42759	201.666	0.08623
45990	1018956	"[St.Tomba.n].10"			0.41282	199.5754	0.082389
45990	1018957	"[St.Tomba.n].11"			0.44275	197.4848	0.087436
45990	1018958	"[St.Tomba.n].12"			0.44145	207.9378	0.091794
45990	1018959	"[St.Tomba.n].13"			0.43007	216.3002	0.093024
45990	1018960	"[St.Tomba.n].14"			0.43706	222.572	0.097277
45990	1018961	"[St.Tomba.n].15"			0.44382	210.0284	0.093215
45990	1018962	"[St.Tomba.n].16"			0.4405	220.4814	0.097122
45990	1018963	"[St.Jumbo.n].9"			0.28743	189.1224	0.054359
45990	1018964	"[St.Jumbo.n].10"			0.31312	189.1224	0.059218
45990	1018965	"[St.Jumbo.n].11"			0.31992	182.8506	0.058498
45990	1018966	"[St.Jumbo.n].12"			0.34225	182.8506	0.062581
45990	1018967	"[St.Jumbo.n].13"			0.34206	178.6694	0.061116
45990	1018968	"[St.Jumbo.n].14"			0.30685	182.8506	0.056108
45990	1018969	"[St.Jumbo.n].15"			0.32798	189.1224	0.062028
45990	1018970	"[St.Jumbo.n].16"			0.31322	195.3942	0.061201
45990	1018971	"[St.Logo.n].9"			0.31727	216.3002	0.068626
45990	1018972	"[St.Logo.n].10"			0.31374	201.666	0.063271
45990	1018973	"[St.Logo.n].11"			0.35419	210.0284	0.07439
45990	1018974	"[St.Logo.n].12"			0.33271	203.7566	0.067792
45990	1018975	"[St.Logo.n].13"			0.33071	195.3942	0.064619
45990	1018976	"[St.Logo.n].14"			0.33639	216.3002	0.072761
45990	1018977	"[St.Logo.n].15"			0.31418	226.7532	0.071241
45990	1018978	"[St.Logo.n].16"			0.32145	233.025	0.074906
45990	1018979	"[St.Maxi.n].9"			0.33595	193.3036	0.06494
45990	1018980	"[St.Maxi.n].10"			0.36955	184.9412	0.068345
45990	1018981	"[St.Maxi.n].11"			0.39132	184.9412	0.072371
45990	1018982	"[St.Maxi.n].12"			0.39715	176.5788	0.070128
45990	1018983	"[St.Maxi.n].13"			0.39458	187.0318	0.073799
45990	1018984	"[St.Maxi.n].14"			0.35813	180.76	0.064736
45990	1018985	"[St.Maxi.n].15"			0.36371	178.6694	0.064984
45990	1018986	"[St.Maxi.n].16"			0.35286	199.5754	0.070422
45990	1018987	"[St.Power.n].9"			0.33516	218.3908	0.073196
45990	1018988	"[St.Power.n].10"			0.34613	205.8472	0.07125
45990	1018989	"[St.Power.n].11"			0.33044	205.8472	0.06802
45990	1018990	"[St.Power.n].12"			0.33897	220.4814	0.074737
45990	1018991	"[St.Power.n].13"			0.34287	205.8472	0.070579
45990	1018992	"[St.Power.n].14"			0.36032	203.7566	0.073418
45990	1018993	"[St.Power.n].15"			0.34249	218.3908	0.074797
45990	1018994	"[St.Power.n].16"			0.33143	218.3908	0.072381
45990	1018995	"[St.Sommergold.n].9"			0.30555	214.2096	0.065452
45990	1018996	"[St.Sommergold.n].10"			0.34035	205.8472	0.07006
45990	1018997	"[St.Sommergold.n].11"			0.31473	210.0284	0.066102
45990	1018998	"[St.Sommergold.n].12"			0.34406	199.5754	0.068666
45990	1018999	"[St.Sommergold.n].13"			0.3507	216.3002	0.075856
45990	1019000	"[St.Sommergold.n].14"			0.32196	210.0284	0.067621
45990	1019001	"[St.Sommergold.n].15"			0.32064	220.4814	0.070695
45990	1019002	"[St.Sommergold.n].16"			0.30228	220.4814	0.066647
45990	1019003	"[St.Jasira.n].9"			0.40497	166.1258	0.067276
45990	1019004	"[St.Jasira.n].10"			0.38448	153.5822	0.059049
45990	1019005	"[St.Jasira.n].11"			0.41288	161.9446	0.066864
45990	1019006	"[St.Jasira.n].12"			0.46455	157.7634	0.073289
45990	1019007	"[St.Jasira.n].13"			0.43497	168.2164	0.073169
45990	1019008	"[St.Jasira.n].14"			0.41877	176.5788	0.073946
45990	1019009	"[St.Jasira.n].15"			0.40502	166.1258	0.067284
45990	1019010	"[St.Jasira.n].16"			0.40541	178.6694	0.072434
45990	1019011	"[St.Albatros.n].9"			0.33959	193.3036	0.065644
45990	1019012	"[St.Albatros.n].10"			0.35142	199.5754	0.070135
45990	1019013	"[St.Albatros.n].11"			0.37515	193.3036	0.072518
45990	1019014	"[St.Albatros.n].12"			0.39493	184.9412	0.073039
45990	1019015	"[St.Albatros.n].13"			0.34768	187.0318	0.065027
45990	1019016	"[St.Albatros.n].14"			0.34271	191.213	0.065531
45990	1019017	"[St.Albatros.n].15"			0.33752	195.3942	0.065949
45990	1019018	"[St.Albatros.n].16"			0.39437	214.2096	0.084478
45990	1019019	"[St.Karlena.n].9"			0.31944	170.307	0.054403
45990	1019020	"[St.Karlena.n].10"			0.3222	157.7634	0.050831
45990	1019021	"[St.Karlena.n].11"			0.35035	153.5822	0.053808
45990	1019022	"[St.Karlena.n].12"			0.33475	166.1258	0.055611
45990	1019023	"[St.Karlena.n].13"			0.32897	176.5788	0.058089
45990	1019024	"[St.Karlena.n].14"			0.31721	170.307	0.054023
45990	1019025	"[St.Karlena.n].15"			0.31448	184.9412	0.05816
45990	1019026	"[St.Karlena.n].16"			0.29504	178.6694	0.052715
45990	1019027	"[St.Kiebitz.n].9"			0.28049	172.3976	0.048356
45990	1019028	"[St.Kiebitz.n].10"			0.29314	170.307	0.049924
45990	1019029	"[St.Kiebitz.n].11"			0.29716	174.4882	0.051851
45990	1019030	"[St.Kiebitz.n].12"			0.28468	174.4882	0.049673
45990	1019031	"[St.Kiebitz.n].13"			0.31149	174.4882	0.054351
45990	1019032	"[St.Kiebitz.n].14"			0.28499	180.76	0.051515
45990	1019033	"[St.Kiebitz.n].15"			0.2552	184.9412	0.047197
45990	1019034	"[St.Kiebitz.n].16"			0.25912	180.76	0.046839
45990	1019035	"[St.Kolibri.n].9"			0.31418	191.213	0.060075
45990	1019036	"[St.Kolibri.n].10"			0.32771	187.0318	0.061292
45990	1019037	"[St.Kolibri.n].11"			0.34304	178.6694	0.061291
45990	1019038	"[St.Kolibri.n].12"			0.34995	187.0318	0.065452
45990	1019039	"[St.Kolibri.n].13"			0.35605	189.1224	0.067337
45990	1019040	"[St.Kolibri.n].14"			0.34378	199.5754	0.06861
45990	1019041	"[St.Kolibri.n].15"			0.3285	189.1224	0.062127
45990	1019042	"[St.Kolibri.n].16"			0.30713	191.213	0.058727
45990	1019043	"[St.Kormoran.n].9"			0.38125	197.4848	0.075291
45990	1019044	"[St.Kormoran.n].10"			0.37257	195.3942	0.072798
45990	1019045	"[St.Kormoran.n].11"			0.38172	197.4848	0.075384
45990	1019046	"[St.Kormoran.n].12"			0.37462	187.0318	0.070066
45990	1019047	"[St.Kormoran.n].13"			0.39837	191.213	0.076174
45990	1019048	"[St.Kormoran.n].14"			0.33791	199.5754	0.067439
45990	1019049	"[St.Kormoran.n].15"			0.37425	199.5754	0.074691
45990	1019050	"[St.Kormoran.n].16"			0.34807	199.5754	0.069466
45990	1019051	"[St.Maxilla.n].9"			0.35676	180.76	0.064488
45990	1019052	"[St.Maxilla.n].10"			0.37037	174.4882	0.064625
45990	1019053	"[St.Maxilla.n].11"			0.36676	178.6694	0.065529
45990	1019054	"[St.Maxilla.n].12"			0.39722	174.4882	0.06931
45990	1019055	"[St.Maxilla.n].13"			0.37243	184.9412	0.068878
45990	1019056	"[St.Maxilla.n].14"			0.34769	184.9412	0.064302
45990	1019057	"[St.Maxilla.n].15"			0.3571	189.1224	0.067536
45990	1019058	"[St.Maxilla.n].16"			0.35645	184.9412	0.065922
45990	1019059	"[St.Pirol.n].9"			0.32504	176.5788	0.057395
45990	1019060	"[St.Pirol.n].10"			0.34126	180.76	0.061686
45990	1019061	"[St.Pirol.n].11"			0.33079	176.5788	0.058411
45990	1019062	"[St.Pirol.n].12"			0.34134	176.5788	0.060273
45990	1019063	"[St.Pirol.n].13"			0.30044	184.9412	0.055564
45990	1019064	"[St.Pirol.n].14"			0.30362	176.5788	0.053613
45990	1019065	"[St.Pirol.n].15"			0.3198	176.5788	0.05647
45990	1019066	"[St.Pirol.n].16"			0.29537	178.6694	0.052774
45990	1019067	"[St.Burana.n].12"			0.36046	197.4848	0.071185
45990	1019068	"[St.Burana.n].13"			0.36568	199.5754	0.072981
45990	1019069	"[St.Burana.n].14"			0.36857	195.3942	0.072016
45990	1019070	"[St.Burana.n].15"			0.33234	189.1224	0.062853
45990	1019071	"[St.Burana.n].16"			0.37184	197.4848	0.073433
45990	1019072	"[St.Burana.n].17"			0.35041	201.666	0.070666
45990	1019073	"[St.Burana.n].18"			0.35931	199.5754	0.071709
45990	1019074	"[St.Burana.n].19"			0.33539	199.5754	0.066936
45990	1019075	"[St.Golf.n].12"			0.37694	193.3036	0.072864
45990	1019076	"[St.Golf.n].13"			0.36829	191.213	0.070422
45990	1019077	"[St.Golf.n].14"			0.37543	172.3976	0.064723
45990	1019078	"[St.Golf.n].15"			0.37371	178.6694	0.066771
45990	1019079	"[St.Golf.n].16"			0.35422	184.9412	0.06551
45990	1019080	"[St.Golf.n].17"			0.35474	184.9412	0.065606
45990	1019081	"[St.Golf.n].18"			0.38748	197.4848	0.076521
45990	1019082	"[St.Golf.n].19"			0.38599	199.5754	0.077034
45990	1019083	"[St.Priamos.n].12"			0.38263	195.3942	0.074764
45990	1019084	"[St.Priamos.n].13"			0.39981	195.3942	0.078121
45990	1019085	"[St.Priamos.n].14"			0.43021	187.0318	0.080463
45990	1019086	"[St.Priamos.n].15"			0.39783	184.9412	0.073575
45990	1019087	"[St.Priamos.n].16"			0.41875	195.3942	0.081821
45990	1019088	"[St.Priamos.n].17"			0.38862	199.5754	0.077559
45990	1019089	"[St.Priamos.n].18"			0.35239	197.4848	0.069592
45990	1019090	"[St.Priamos.n].19"			0.37912	210.0284	0.079626
45990	1019091	"[St.Ramses.n].12"			0.40727	180.76	0.073618
45990	1019092	"[St.Ramses.n].13"			0.41769	180.76	0.075502
45990	1019093	"[St.Ramses.n].14"			0.3978	189.1224	0.075233
45990	1019094	"[St.Ramses.n].15"			0.41613	180.76	0.07522
45990	1019095	"[St.Ramses.n].16"			0.40102	170.307	0.068297
45990	1019096	"[St.Ramses.n].17"			0.3961	195.3942	0.077396
45990	1019097	"[St.Ramses.n].18"			0.38822	193.3036	0.075044
45990	1019098	"[St.Ramses.n].19"			0.39879	197.4848	0.078755
45990	1019099	"[St.Sibu.n].12"			0.39743	201.666	0.080148
45990	1019100	"[St.Sibu.n].13"			0.40441	195.3942	0.079019
45990	1019101	"[St.Sibu.n].14"			0.39245	199.5754	0.078323
45990	1019102	"[St.Sibu.n].15"			0.44309	184.9412	0.081946
45990	1019103	"[St.Sibu.n].16"			0.39284	172.3976	0.067725
45990	1019104	"[St.Sibu.n].17"			0.3506	195.3942	0.068505
45990	1019105	"[St.Sibu.n].18"			0.39172	199.5754	0.078178
45990	1019106	"[St.Sibu.n].19"			0.39341	178.6694	0.07029
45990	1019107	"[St.Verdi.n].12"			0.2893	220.4814	0.063785
45990	1019108	"[St.Verdi.n].13"			0.33271	220.4814	0.073356
45990	1019109	"[St.Verdi.n].14"			0.30325	226.7532	0.068763
45990	1019110	"[St.Verdi.n].15"			0.32678	216.3002	0.070683
45990	1019111	"[St.Verdi.n].16"			0.28703	220.4814	0.063285
45990	1019112	"[St.Verdi.n].17"			0.31233	220.4814	0.068863
45990	1019113	"[St.Verdi.n].18"			0.3292	222.572	0.073271
45990	1019114	"[St.Verdi.n].19"			0.30363	228.8438	0.069484
45990	1019115	"[St.Milva.n].132"			0.45703	128.495	0.058726
45990	1019116	"[St.Milva.n].133"			0.48897	126.4044	0.061808
45990	1019117	"[St.Milva.n].134"			0.46779	134.7668	0.063043
45990	1019118	"[St.Milva.n].135"			0.46216	134.7668	0.062284
45990	1019119	"[St.Milva.n].136"			0.46507	130.5856	0.060731
45990	1019120	"[St.Milva.n].137"			0.46525	126.4044	0.05881
45990	1019121	"[St.Milva.n].138"			0.44477	130.5856	0.058081
45990	1019122	"[St.Milva.n].139"			0.39491	134.7668	0.053221
45990	1019123	"[St.Milva.n].140"			0.20231	161.9446	0.032763
45990	1019124	"[St.Milva.n].141"			0.21495	176.5788	0.037956
45990	1019125	"[St.Milva.n].142"			0.21757	126.4044	0.027502
45990	1019126	"[St.Milva.n].143"			0.20957	149.401	0.03131
45990	1019127	"[St.Milva.n].144"			0.21058	124.3138	0.026178
45990	1019128	"[St.Milva.n].145"			0.19752	149.401	0.02951
45990	1019129	"[St.Milva.n].146"			0.21254	145.2198	0.030865
45990	1019130	"[St.Milva.n].147"			0.21255	132.6762	0.0282
45990	1019131	"[St.Saturna.n].130"			0.33252	178.6694	0.059411
45990	1019132	"[St.Saturna.n].131"			0.34315	178.6694	0.06131
45990	1019133	"[St.Saturna.n].132"			0.37392	176.5788	0.066026
45990	1019134	"[St.Saturna.n].133"			0.37714	172.3976	0.065018
45990	1019135	"[St.Saturna.n].134"			0.33271	170.307	0.056663
45990	1019136	"[St.Saturna.n].135"			0.31975	178.6694	0.05713
45990	1019137	"[St.Saturna.n].136"			0.33163	164.0352	0.054399
45990	1019138	"[St.Saturna.n].137"			0.3214	172.3976	0.055409
45990	1019139	"[St.Saturna.n].138"			0.16965	168.2164	0.028538
45990	1019140	"[St.Saturna.n].139"			0.17204	195.3942	0.033616
45990	1019141	"[St.Saturna.n].140"			0.14956	176.5788	0.026409
45990	1019142	"[St.Saturna.n].141"			0.16484	176.5788	0.029107
45990	1019143	"[St.Saturna.n].142"			0.17015	164.0352	0.027911
45990	1019144	"[St.Saturna.n].143"			0.15873	168.2164	0.026701
45990	1019145	"[St.Saturna.n].144"			0.1581	189.1224	0.0299
45990	1019146	"[St.Saturna.n].145"			0.16572	178.6694	0.029609
45990	1019147	"[St.Desiree.n].1103"			0.48784	138.948	0.067784
45990	1019148	"[St.Desiree.n].1104"			0.3752	134.7668	0.050565
45990	1019149	"[St.Desiree.n].1105"			0.4464	138.948	0.062026
45990	1019150	"[St.Desiree.n].1106"			0.42654	141.0386	0.060159
45990	1019151	"[St.Desiree.n].1107"			0.4015	134.7668	0.054109
45990	1019152	"[St.Desiree.n].1108"			0.40259	145.2198	0.058464
45990	1019153	"[St.Desiree.n].1109"			0.4071	145.2198	0.059119
45990	1019154	"[St.Desiree.n].1110"			0.37685	153.5822	0.057877
45990	1019155	"[St.Desiree.n].1111"			0.20709	143.1292	0.029641
45990	1019156	"[St.Desiree.n].1112"			0.2331	143.1292	0.033363
45990	1019157	"[St.Desiree.n].1113"			0.18338	143.1292	0.026247
45990	1019158	"[St.Desiree.n].1114"			0.19662	145.2198	0.028553
45990	1019159	"[St.Desiree.n].1115"			0.20366	155.6728	0.031704
45990	1019160	"[St.Desiree.n].1116"			0.19386	153.5822	0.029773
45990	1019161	"[St.Desiree.n].1117"			0.19735	132.6762	0.026184
45990	1019162	"[St.Desiree.n].1118"			0.21295	126.4044	0.026918
45990	1019163	"[St.Alegria.n].130"			0.35941	145.2198	0.052193
45990	1019164	"[St.Alegria.n].131"			0.37822	141.0386	0.053344
45990	1019165	"[St.Alegria.n].132"			0.34775	143.1292	0.049773
45990	1019166	"[St.Alegria.n].133"			0.38034	136.8574	0.052052
45990	1019167	"[St.Alegria.n].134"			0.38773	141.0386	0.054685
45990	1019168	"[St.Alegria.n].135"			0.3648	136.8574	0.049926
45990	1019169	"[St.Alegria.n].136"			0.33869	134.7668	0.045644
45990	1019170	"[St.Alegria.n].137"			0.3031	130.5856	0.03958
45990	1019171	"[St.Alegria.n].138"			0.17209	159.854	0.027509
45990	1019172	"[St.Alegria.n].139"			0.18965	132.6762	0.025162
45990	1019173	"[St.Alegria.n].140"			0.18451	120.1326	0.022166
45990	1019174	"[St.Alegria.n].141"			0.15582	149.401	0.02328
45990	1019175	"[St.Alegria.n].142"			0.17705	130.5856	0.02312
45990	1019176	"[St.Alegria.n].143"			0.17113	141.0386	0.024136
45990	1019177	"[St.Alegria.n].144"			0.16706	147.3104	0.02461
45990	1019178	"[St.Alegria.n].145"			0.1665	149.401	0.024875
45990	1019179	"[St.Power.n].17"			0.14046	184.9412	0.025977
45990	1019180	"[St.Power.n].18"			0.14872	189.1224	0.028126
45990	1019181	"[St.Power.n].19"			0.12558	251.8404	0.031626
45990	1019182	"[St.Power.n].20"			0.12999	239.2968	0.031106
45990	1019183	"[St.Power.n].21"			0.15091	195.3942	0.029487
45990	1019184	"[St.Power.n].22"			0.13849	230.9344	0.031982
45990	1019185	"[St.Power.n].23"			0.1465	222.572	0.032607
45990	1019186	"[St.Power.n].24"			0.15059	220.4814	0.033202
45990	1019187	"[St.Sommergold.n].17"			0.12568	251.8404	0.031651
45990	1019188	"[St.Sommergold.n].18"			0.126	270.6558	0.034103
45990	1019189	"[St.Sommergold.n].19"			0.13292	212.119	0.028195
45990	1019190	"[St.Sommergold.n].20"			0.11941	243.478	0.029074
45990	1019191	"[St.Sommergold.n].21"			0.1474	243.478	0.035889
45990	1019192	"[St.Sommergold.n].22"			0.15283	220.4814	0.033696
45990	1019193	"[St.Sommergold.n].23"			0.12999	264.384	0.034367
45990	1019194	"[St.Sommergold.n].24"			0.13675	268.5652	0.036726
45990	1019195	"[St.Jasira.n].17"			0.20187	172.3976	0.034802
45990	1019196	"[St.Jasira.n].18"			0.1982	151.4916	0.030026
45990	1019197	"[St.Jasira.n].19"			0.22278	126.4044	0.02816
45990	1019198	"[St.Jasira.n].20"			0.20619	164.0352	0.033822
45990	1019199	"[St.Jasira.n].21"			0.20002	159.854	0.031974
45990	1019200	"[St.Jasira.n].22"			0.19425	166.1258	0.03227
45990	1019201	"[St.Jasira.n].23"			0.21439	176.5788	0.037857
45990	1019202	"[St.Jasira.n].24"			0.20815	187.0318	0.038931
45990	1019203	"[St.Albatros.n].17"			0.15132	182.8506	0.027669
45990	1019204	"[St.Albatros.n].18"			0.16232	168.2164	0.027305
45990	1019205	"[St.Albatros.n].19"			0.1557	226.7532	0.035305
45990	1019206	"[St.Albatros.n].20"			0.16892	178.6694	0.030181
45990	1019207	"[St.Albatros.n].21"			0.17813	178.6694	0.031826
45990	1019208	"[St.Albatros.n].22"			0.15784	201.666	0.031831
45990	1019209	"[St.Albatros.n].23"			0.16108	176.5788	0.028443
45990	1019210	"[St.Albatros.n].24"			0.16193	184.9412	0.029948
45990	1019211	"[St.Karlena.n].17"			0.17666	128.495	0.0227
45990	1019212	"[St.Karlena.n].18"			0.17406	128.495	0.022366
45990	1019213	"[St.Karlena.n].19"			0.16712	118.042	0.019727
45990	1019214	"[St.Karlena.n].20"			0.169	122.2232	0.020656
45990	1019215	"[St.Karlena.n].21"			0.17018	136.8574	0.02329
45990	1019216	"[St.Karlena.n].22"			0.1838	111.7702	0.020543
45990	1019217	"[St.Karlena.n].23"			0.18065	132.6762	0.023968
45990	1019218	"[St.Karlena.n].24"			0.17918	151.4916	0.027144
45990	1019219	"[St.Kiebitz.n].17"			0.16017	166.1258	0.026608
45990	1019220	"[St.Kiebitz.n].18"			0.16478	157.7634	0.025996
45990	1019221	"[St.Kiebitz.n].19"			0.16681	164.0352	0.027363
45990	1019222	"[St.Kiebitz.n].20"			0.16958	159.854	0.027108
45990	1019223	"[St.Kiebitz.n].21"			0.16009	157.7634	0.025256
45990	1019224	"[St.Kiebitz.n].22"			0.16197	164.0352	0.026569
45990	1019225	"[St.Kiebitz.n].23"			0.16498	166.1258	0.027407
45990	1019226	"[St.Kiebitz.n].24"			0.1661	176.5788	0.02933
45990	1019227	"[St.Kolibri.n].17"			0.16673	145.2198	0.024212
45990	1019228	"[St.Kolibri.n].18"			0.16577	122.2232	0.020261
45990	1019229	"[St.Kolibri.n].19"			0.17541	118.042	0.020706
45990	1019230	"[St.Kolibri.n].20"			0.16593	128.495	0.021321
45990	1019231	"[St.Kolibri.n].21"			0.15269	159.854	0.024408
45990	1019232	"[St.Kolibri.n].22"			0.14934	128.495	0.019189
45990	1019233	"[St.Kolibri.n].23"			0.16076	157.7634	0.025362
45990	1019234	"[St.Kolibri.n].24"			0.16434	159.854	0.02627
45990	1019235	"[St.Kormoran.n].17"			0.1676	193.3036	0.032398
45990	1019236	"[St.Kormoran.n].18"			0.15269	235.1156	0.0359
45990	1019237	"[St.Kormoran.n].19"			0.16565	191.213	0.031674
45990	1019238	"[St.Kormoran.n].20"			0.1546	241.3874	0.037318
45990	1019239	"[St.Kormoran.n].21"			0.19322	159.854	0.030887
45990	1019240	"[St.Kormoran.n].22"			0.16055	230.9344	0.037077
45990	1019241	"[St.Kormoran.n].23"			0.15671	241.3874	0.037828
45990	1019242	"[St.Kormoran.n].24"			0.18383	203.7566	0.037457
45990	1019243	"[St.Maxilla.n].17"			0.18696	151.4916	0.028323
45990	1019244	"[St.Maxilla.n].18"			0.18908	159.854	0.030225
45990	1019245	"[St.Maxilla.n].19"			0.17823	134.7668	0.024019
45990	1019246	"[St.Maxilla.n].20"			0.18449	138.948	0.025635
45990	1019247	"[St.Maxilla.n].21"			0.19147	151.4916	0.029006
45990	1019248	"[St.Maxilla.n].22"			0.16782	172.3976	0.028932
45990	1019249	"[St.Maxilla.n].23"			0.18007	176.5788	0.031797
45990	1019250	"[St.Maxilla.n].24"			0.18688	176.5788	0.032999
45990	1019251	"[St.Pirol.n].17"			0.17259	164.0352	0.028311
45990	1019252	"[St.Pirol.n].18"			0.1755	157.7634	0.027687
45990	1019253	"[St.Pirol.n].19"			0.17805	132.6762	0.023623
45990	1019254	"[St.Pirol.n].20"			0.16697	147.3104	0.024596
45990	1019255	"[St.Pirol.n].21"			0.18204	155.6728	0.028339
45990	1019256	"[St.Pirol.n].22"			0.18408	153.5822	0.028271
45990	1019257	"[St.Pirol.n].23"			0.175	151.4916	0.026511
45990	1019258	"[St.Pirol.n].24"			0.186	157.7634	0.029344
45990	1019259	"[St.Burana.n].20"			0.13822	222.572	0.030764
45990	1019260	"[St.Burana.n].21"			0.15211	222.572	0.033855
45990	1019261	"[St.Burana.n].22"			0.13216	205.8472	0.027205
45990	1019262	"[St.Burana.n].23"			0.12268	239.2968	0.029357
45990	1019263	"[St.Burana.n].24"			0.12299	222.572	0.027374
45990	1019264	"[St.Burana.n].25"			0.1252	210.0284	0.026296
45990	1019265	"[St.Burana.n].26"			0.15392	212.119	0.032649
45990	1019266	"[St.Burana.n].27"			0.1602	214.2096	0.034316
45990	1019267	"[St.Golf.n].20"			0.17953	176.5788	0.031701
45990	1019268	"[St.Golf.n].21"			0.1632	147.3104	0.024041
45990	1019269	"[St.Golf.n].22"			0.17129	147.3104	0.025233
45990	1019270	"[St.Golf.n].23"			0.16181	141.0386	0.022821
45990	1019271	"[St.Golf.n].24"			0.18904	172.3976	0.03259
45990	1019272	"[St.Golf.n].25"			0.16504	203.7566	0.033628
45990	1019273	"[St.Golf.n].26"			0.16898	205.8472	0.034784
45990	1019274	"[St.Golf.n].27"			0.18488	180.76	0.033419
45990	1019275	"[St.Priamos.n].20"			0.14597	182.8506	0.026691
45990	1019276	"[St.Priamos.n].21"			0.18488	189.1224	0.034965
45990	1019277	"[St.Priamos.n].22"			0.16146	212.119	0.034249
45990	1019278	"[St.Priamos.n].23"			0.17522	233.025	0.040831
45990	1019279	"[St.Priamos.n].24"			0.14863	201.666	0.029974
45990	1019280	"[St.Priamos.n].25"			0.1631	199.5754	0.032551
45990	1019281	"[St.Priamos.n].26"			0.1705	197.4848	0.033671
45990	1019282	"[St.Priamos.n].27"			0.15707	220.4814	0.034631
45990	1019283	"[St.Ramses.n].20"			0.18421	149.401	0.027521
45990	1019284	"[St.Ramses.n].21"			0.18461	210.0284	0.038773
45990	1019285	"[St.Ramses.n].22"			0.19367	132.6762	0.025695
45990	1019286	"[St.Ramses.n].23"			0.17924	159.854	0.028652
45990	1019287	"[St.Ramses.n].24"			0.177	187.0318	0.033105
45990	1019288	"[St.Ramses.n].25"			0.16612	212.119	0.035237
45990	1019289	"[St.Ramses.n].26"			0.1837	191.213	0.035126
45990	1019290	"[St.Ramses.n].27"			0.20379	180.76	0.036837
45990	1019291	"[St.Sibu.n].20"			0.16151	228.8438	0.036961
45990	1019292	"[St.Sibu.n].21"			0.17482	235.1156	0.041103
45990	1019293	"[St.Sibu.n].22"			0.15789	222.572	0.035142
45990	1019294	"[St.Sibu.n].23"			0.14605	251.8404	0.036781
45990	1019295	"[St.Sibu.n].24"			0.16255	207.9378	0.0338
45990	1019296	"[St.Sibu.n].25"			0.16933	197.4848	0.03344
45990	1019297	"[St.Sibu.n].26"			0.17374	187.0318	0.032495
45990	1019298	"[St.Sibu.n].27"			0.20139	155.6728	0.031351
45990	1019299	"[St.Verdi.n].20"			0.13541	230.9344	0.031271
45990	1019300	"[St.Verdi.n].21"			0.13493	251.8404	0.033981
45990	1019301	"[St.Verdi.n].22"			0.11932	249.7498	0.0298
45990	1019302	"[St.Verdi.n].23"			0.13369	226.7532	0.030315
45990	1019303	"[St.Verdi.n].24"			0.12188	251.8404	0.030694
45990	1019304	"[St.Verdi.n].25"			0.12011	260.2028	0.031253
45990	1019305	"[St.Verdi.n].26"			0.13457	237.2062	0.031921
45990	1019306	"[St.Verdi.n].27"			0.13493	251.8404	0.033981
45990	1019307	"[St.Ulme.n].17"			0.14124	210.0284	0.029664
45990	1019308	"[St.Ulme.n].18"			0.13311	228.8438	0.030461
45990	1019309	"[St.Ulme.n].19"			0.11595	164.0352	0.01902
45990	1019310	"[St.Ulme.n].20"			0.103	145.2198	0.014958
45990	1019311	"[St.Ulme.n].21"			0.13626	176.5788	0.024061
45990	1019312	"[St.Ulme.n].22"			0.126	251.8404	0.031732
45990	1019313	"[St.Ulme.n].23"			0.13861	239.2968	0.033169
45990	1019314	"[St.Ulme.n].24"			0.14932	216.3002	0.032298
45990	1019315	"[St.Eldena.n].17"			0.1726	147.3104	0.025426
45990	1019316	"[St.Eldena.n].18"			0.16625	164.0352	0.027271
45990	1019317	"[St.Eldena.n].19"			0.19422	164.0352	0.031859
45990	1019318	"[St.Eldena.n].20"			0.15289	214.2096	0.032751
45990	1019319	"[St.Eldena.n].21"			0.16712	151.4916	0.025317
45990	1019320	"[St.Eldena.n].22"			0.1563	153.5822	0.024005
45990	1019321	"[St.Eldena.n].23"			0.16979	149.401	0.025367
45990	1019322	"[St.Eldena.n].24"			0.17225	166.1258	0.028615
45990	1019323	"[St.Eurobravo.n].17"			0.1307	157.7634	0.02062
45990	1019324	"[St.Eurobravo.n].18"			0.11511	256.0216	0.029471
45990	1019325	"[St.Eurobravo.n].19"			0.15173	159.854	0.024255
45990	1019326	"[St.Eurobravo.n].20"			0.13969	195.3942	0.027295
45990	1019327	"[St.Eurobravo.n].21"			0.11462	239.2968	0.027428
45990	1019328	"[St.Eurobravo.n].22"			0.11334	253.931	0.028781
45990	1019329	"[St.Eurobravo.n].23"			0.12053	166.1258	0.020023
45990	1019330	"[St.Eurobravo.n].24"			0.14071	197.4848	0.027788
45990	1019331	"[St.Euroflora.n].17"			0.15225	164.0352	0.024974
45990	1019332	"[St.Euroflora.n].18"			0.14861	230.9344	0.034319
45990	1019333	"[St.Euroflora.n].19"			0.14569	164.0352	0.023898
45990	1019334	"[St.Euroflora.n].20"			0.16613	145.2198	0.024125
45990	1019335	"[St.Euroflora.n].21"			0.15254	199.5754	0.030443
45990	1019336	"[St.Euroflora.n].22"			0.14374	224.6626	0.032293
45990	1019337	"[St.Euroflora.n].23"			0.17326	145.2198	0.025161
45990	1019338	"[St.Euroflora.n].24"			0.15303	153.5822	0.023503
45990	1019339	"[St.Euronova.n].17"			0.20587	138.948	0.028605
45990	1019340	"[St.Euronova.n].18"			0.19064	164.0352	0.031272
45990	1019341	"[St.Euronova.n].19"			0.19905	182.8506	0.036396
45990	1019342	"[St.Euronova.n].20"			0.22317	168.2164	0.037541
45990	1019343	"[St.Euronova.n].21"			0.17903	176.5788	0.031613
45990	1019344	"[St.Euronova.n].22"			0.20372	157.7634	0.03214
45990	1019345	"[St.Euronova.n].23"			0.20237	176.5788	0.035734
45990	1019346	"[St.Euronova.n].24"			0.19991	187.0318	0.03739
45990	1019347	"[St.Euroresa.n].17"			0.17279	182.8506	0.031595
45990	1019348	"[St.Euroresa.n].18"			0.15002	230.9344	0.034645
45990	1019349	"[St.Euroresa.n].19"			0.16067	218.3908	0.035089
45990	1019350	"[St.Euroresa.n].20"			0.16995	210.0284	0.035694
45990	1019351	"[St.Euroresa.n].21"			0.15848	212.119	0.033617
45990	1019352	"[St.Euroresa.n].22"			0.1506	228.8438	0.034464
45990	1019353	"[St.Euroresa.n].23"			0.14068	258.1122	0.036311
45990	1019354	"[St.Euroresa.n].24"			0.16199	256.0216	0.041473
45990	1019355	"[St.Eurostarch.n].17"			0.17067	180.76	0.03085
45990	1019356	"[St.Eurostarch.n].18"			0.17447	176.5788	0.030808
45990	1019357	"[St.Eurostarch.n].19"			0.16683	174.4882	0.02911
45990	1019358	"[St.Eurostarch.n].20"			0.16807	203.7566	0.034245
45990	1019359	"[St.Eurostarch.n].21"			0.15017	193.3036	0.029028
45990	1019360	"[St.Eurostarch.n].22"			0.17059	189.1224	0.032262
45990	1019361	"[St.Eurostarch.n].23"			0.19607	189.1224	0.037081
45990	1019362	"[St.Eurostarch.n].24"			0.19022	197.4848	0.037566
45990	1019363	"[St.Eurotango.n].17"			0.16332	180.76	0.029522
45990	1019364	"[St.Eurotango.n].18"			0.15739	222.572	0.035031
45990	1019365	"[St.Eurotango.n].19"			0.1783	214.2096	0.038194
45990	1019366	"[St.Eurotango.n].20"			0.17204	228.8438	0.03937
45990	1019367	"[St.Eurotango.n].21"			0.16852	199.5754	0.033632
45990	1019368	"[St.Eurotango.n].22"			0.15813	216.3002	0.034204
45990	1019369	"[St.Eurotango.n].23"			0.17226	216.3002	0.03726
45990	1019370	"[St.Eurotango.n].24"			0.19411	193.3036	0.037522
45990	1019371	"[St.Kuras.n].17"			0.15102	222.572	0.033613
45990	1019372	"[St.Kuras.n].18"			0.15393	233.025	0.03587
45990	1019373	"[St.Kuras.n].19"			0.15193	230.9344	0.035086
45990	1019374	"[St.Kuras.n].20"			0.16005	220.4814	0.035288
45990	1019375	"[St.Kuras.n].21"			0.15461	205.8472	0.031826
45990	1019376	"[St.Kuras.n].22"			0.15843	201.666	0.03195
45990	1019377	"[St.Kuras.n].23"			0.14777	216.3002	0.031963
45990	1019378	"[St.Kuras.n].24"			0.14933	239.2968	0.035734
45990	1019379	"[St.Tomensa.n].17"			0.13735	245.5686	0.033729
45990	1019380	"[St.Tomensa.n].18"			0.12664	256.0216	0.032423
45990	1019381	"[St.Tomensa.n].19"			0.13352	237.2062	0.031672
45990	1019382	"[St.Tomensa.n].20"			0.13872	237.2062	0.032905
45990	1019383	"[St.Tomensa.n].21"			0.13802	228.8438	0.031585
45990	1019384	"[St.Tomensa.n].22"			0.13113	253.931	0.033298
45990	1019385	"[St.Tomensa.n].23"			0.14986	235.1156	0.035234
45990	1019386	"[St.Tomensa.n].24"			0.16524	218.3908	0.036087
45990	1019387	"[St.Tomba.n].17"			0.18008	224.6626	0.040457
45990	1019388	"[St.Tomba.n].18"			0.16679	243.478	0.04061
45990	1019389	"[St.Tomba.n].19"			0.16702	235.1156	0.039269
45990	1019390	"[St.Tomba.n].20"			0.16306	243.478	0.039702
45990	1019391	"[St.Tomba.n].21"			0.16185	243.478	0.039407
45990	1019392	"[St.Tomba.n].22"			0.16793	245.5686	0.041238
45990	1019393	"[St.Tomba.n].23"			0.18737	228.8438	0.042878
45990	1019394	"[St.Tomba.n].24"			0.20235	212.119	0.042922
45990	1019395	"[St.Jumbo.n].17"			0.15148	207.9378	0.031498
45990	1019396	"[St.Jumbo.n].18"			0.14996	197.4848	0.029615
45990	1019397	"[St.Jumbo.n].19"			0.1421	218.3908	0.031033
45990	1019398	"[St.Jumbo.n].20"			0.15276	214.2096	0.032723
45990	1019399	"[St.Jumbo.n].21"			0.14149	224.6626	0.031788
45990	1019400	"[St.Jumbo.n].22"			0.14331	210.0284	0.030099
45990	1019401	"[St.Jumbo.n].23"			0.17292	205.8472	0.035595
45990	1019402	"[St.Jumbo.n].24"			0.15621	233.025	0.036401
45990	1019403	"[St.Logo.n].17"			0.12769	161.9446	0.020679
45990	1019404	"[St.Logo.n].18"			0.13291	237.2062	0.031527
45990	1019405	"[St.Logo.n].19"			0.13338	226.7532	0.030244
45990	1019406	"[St.Logo.n].20"			0.14983	237.2062	0.035541
45990	1019407	"[St.Logo.n].21"			0.12778	241.3874	0.030844
45990	1019408	"[St.Logo.n].22"			0.1322	239.2968	0.031635
45990	1019409	"[St.Logo.n].23"			0.12981	228.8438	0.029706
45990	1019410	"[St.Logo.n].24"			0.13281	230.9344	0.03067
45990	1019411	"[St.Maxi.n].17"			0.15641	184.9412	0.028927
45990	1019412	"[St.Maxi.n].18"			0.16106	180.76	0.029113
45990	1019413	"[St.Maxi.n].19"			0.15942	207.9378	0.033149
45990	1019414	"[St.Maxi.n].20"			0.16124	203.7566	0.032854
45990	1019415	"[St.Maxi.n].21"			0.14731	205.8472	0.030323
45990	1019416	"[St.Maxi.n].22"			0.16216	178.6694	0.028973
45990	1019417	"[St.Maxi.n].23"			0.13371	207.9378	0.027803
45990	1019418	"[St.Maxi.n].24"			0.15572	199.5754	0.031078
46150	1021380	"[St.Karlena.n].25"			37.5	208.436175	7.816357
46150	1021381	"[St.Karlena.n].26"			51.35	218.330126	11.211252
46150	1021382	"[St.Karlena.n].27"			49.05	224.968091	11.034685
46150	1021383	"[St.Karlena.n].28"			46.95	216.975954	10.187021
46150	1021384	"[St.Karlena.n].29"			43.35	244.983309	10.620026
46150	1021385	"[St.Karlena.n].30"			45.8	218.618392	10.012722
46150	1021386	"[St.Kiebitz.n].25"			41.75	188.893697	7.886312
46150	1021387	"[St.Kiebitz.n].26"			46.15	184.9656	8.536162
46150	1021388	"[St.Kiebitz.n].27"			41.6	191.492995	7.966109
46150	1021389	"[St.Kiebitz.n].28"			42.75	182.656156	7.808551
46150	1021390	"[St.Kiebitz.n].29"			36.149	204.642492	7.397621
46150	1021391	"[St.Kiebitz.n].30"			38.65	193.901478	7.494292
46150	1021392	"[St.Power.n].25"			54.55	206.758941	11.2787
46150	1021393	"[St.Power.n].26"			56.25	200.516313	11.279043
46150	1021394	"[St.Power.n].27"			50.25	216.66877	10.887606
46150	1021395	"[St.Power.n].28"			54.7	215.974884	11.813826
46150	1021396	"[St.Power.n].29"			48	219.045455	10.514182
46150	1021397	"[St.Power.n].30"			51	218.779363	11.157748
46150	1021398	"[St.Sommergold.n].25"			46	202.084915	9.295906
46150	1021399	"[St.Sommergold.n].26"			40.65	191.659244	7.790948
46150	1021400	"[St.Sommergold.n].27"			48.2	194.006587	9.351117
46150	1021401	"[St.Sommergold.n].28"			38.75	198.014116	7.673047
46150	1021402	"[St.Sommergold.n].29"			39.75	209.036541	8.309203
46150	1021403	"[St.Sommergold.n].30"			36.51	203.140787	7.41667
46150	1021404	"[St.Tomensa.n].25"			48.65	207.256774	10.083042
46150	1021405	"[St.Tomensa.n].26"			64.45	197.801178	12.748286
46150	1021406	"[St.Tomensa.n].27"			48.1	214.26853	10.306316
46150	1021407	"[St.Tomensa.n].28"			58.5	199.037887	11.643716
46150	1021408	"[St.Tomensa.n].29"			44.25	226.147661	10.007034
46150	1021409	"[St.Tomensa.n].30"			54.5	204.24581	11.131397
46150	1021410	"[St.Albatros.n].25"			51	193.193186	9.852852
46150	1021411	"[St.Albatros.n].26"			51.9	182.830533	9.488905
46150	1021412	"[St.Albatros.n].27"			51.6	190.575605	9.833701
46150	1021413	"[St.Albatros.n].28"			55.15	191.374871	10.554324
46150	1021414	"[St.Albatros.n].29"			52.05	199.129054	10.364667
46150	1021415	"[St.Albatros.n].30"			48	188.326702	9.039682
46150	1021416	"[St.Eldena.n].25"			40.95	181.12365	7.417013
46150	1021417	"[St.Eldena.n].26"			45.9	188.17458	8.637213
46150	1021418	"[St.Eldena.n].27"			36.5	178.312531	6.508407
46150	1021419	"[St.Eldena.n].28"			38.45	189.097187	7.270787
46150	1021420	"[St.Eldena.n].29"			27.9	176.659263	4.928793
46150	1021421	"[St.Eldena.n].30"			30.45	189.034056	5.756087
46150	1021422	"[St.Golf.n].28"			53.5	197.255503	10.553169
46150	1021423	"[St.Golf.n].29"			45.2	199.351757	9.010699
46150	1021424	"[St.Golf.n].30"			52.75	195.469011	10.31099
46150	1021425	"[St.Golf.n].31"			43.45	197.829727	8.595702
46150	1021426	"[St.Golf.n].32"			51.55	198.044942	10.209217
46150	1021427	"[St.Golf.n].33"			40.05	207.114771	8.294947
46150	1021428	"[St.Jumbo.n].25"			44.55	201.961693	8.997393
46150	1021429	"[St.Jumbo.n].26"			49.6	196.018286	9.722507
46150	1021430	"[St.Jumbo.n].27"			44.05	205.59022	9.056249
46150	1021431	"[St.Jumbo.n].28"			44.8	198.80172	8.906317
46150	1021432	"[St.Jumbo.n].29"			36.02	213.751624	7.699333
46150	1021433	"[St.Jumbo.n].30"			40.9	199.7613	8.170237
46150	1021434	"[St.Pirol.n].25"			44.65	201.223673	8.984637
46150	1021435	"[St.Pirol.n].26"			55.25	200.683336	11.087754
46150	1021436	"[St.Pirol.n].27"			44.2	198.472202	8.772471
46150	1021437	"[St.Pirol.n].28"			49.1	198.354561	9.739209
46150	1021438	"[St.Pirol.n].29"			39.9	216.448468	8.636294
46150	1021439	"[St.Pirol.n].30"			35.8	200.592137	7.181199
46150	1021440	"[St.Priamos.n].28"			35.05	192.110291	6.733466
46150	1021441	"[St.Priamos.n].29"			39	191.938078	7.485585
46150	1021442	"[St.Priamos.n].30"			39.2	197.850664	7.755746
46150	1021443	"[St.Priamos.n].31"			40.6	205.536576	8.344785
46150	1021444	"[St.Priamos.n].32"			41.3	212.624124	8.781376
46150	1021445	"[St.Priamos.n].33"			34.8	209.590871	7.293762
46150	1021446	"[St.Ramses.n].28"			51	192.674235	9.826386
46150	1021447	"[St.Ramses.n].29"			51.05	206.892221	10.561848
46150	1021448	"[St.Ramses.n].30"			45.65	207.889408	9.490151
46150	1021449	"[St.Ramses.n].31"			48.7	209.853442	10.219863
46150	1021450	"[St.Ramses.n].32"			45.15	206.047605	9.303049
46150	1021451	"[St.Ramses.n].33"			38.7	197.349177	7.637413
46150	1021452	"[St.Verdi.n].28"			44.4	201.618136	8.951845
46150	1021453	"[St.Verdi.n].29"			47.65	211.595572	10.082529
46150	1021454	"[St.Verdi.n].30"			39.15	212.076249	8.302785
46150	1021455	"[St.Verdi.n].31"			45	200.462755	9.020824
46150	1021456	"[St.Verdi.n].32"			41.5	205.961553	8.547404
46150	1021457	"[St.Verdi.n].33"			43.65	198.498124	8.664443
46150	1021458	"[St.Burana.n].28"			39.5	235.811115	9.314539
46150	1021459	"[St.Burana.n].29"			39.65	243.492388	9.654473
46150	1021460	"[St.Burana.n].30"			42.15	231.504228	9.757903
46150	1021461	"[St.Burana.n].31"			39.4	247.649602	9.757394
46150	1021462	"[St.Burana.n].32"			35	247.960119	8.678604
46150	1021463	"[St.Burana.n].33"			32.75	247.463179	8.104419
46150	1021464	"[St.Eurobravo.n].25"			40.15	176.741119	7.096156
46150	1021465	"[St.Eurobravo.n].26"			45.25	189.120863	8.557719
46150	1021466	"[St.Eurobravo.n].27"			38.15	190.073889	7.251319
46150	1021467	"[St.Eurobravo.n].28"			41.8	195.112103	8.155686
46150	1021468	"[St.Eurobravo.n].29"			30.25	191.548814	5.794352
46150	1021469	"[St.Eurobravo.n].30"			28.5	198.182604	5.648204
46150	1021470	"[St.Euroflora.n].25"			41.3	192.11343	7.934285
46150	1021471	"[St.Euroflora.n].26"			42.55	197.482543	8.402882
46150	1021472	"[St.Euroflora.n].27"			36.55	194.003656	7.090834
46150	1021473	"[St.Euroflora.n].28"			35.7	202.617925	7.23346
46150	1021474	"[St.Euroflora.n].29"			28.3	199.811851	5.654675
46150	1021475	"[St.Euroflora.n].30"			28.3	209.133895	5.918489
46150	1021476	"[St.Euronova.n].25"			34.85	190.623037	6.643213
46150	1021477	"[St.Euronova.n].26"			37.85	193.288789	7.315981
46150	1021478	"[St.Euronova.n].27"			34.95	200.756318	7.016433
46150	1021479	"[St.Euronova.n].28"			37.2	189.089424	7.034127
46150	1021480	"[St.Euronova.n].29"			31.55	204.603832	6.455251
46150	1021481	"[St.Euronova.n].30"			25.8	195.846639	5.052843
46150	1021482	"[St.Euroresa.n].25"			45.1	200.073608	9.02332
46150	1021483	"[St.Euroresa.n].26"			47.15	203.287575	9.585009
46150	1021484	"[St.Euroresa.n].27"			43.5	201.317011	8.75729
46150	1021485	"[St.Euroresa.n].28"			43.5	203.698462	8.860883
46150	1021486	"[St.Euroresa.n].29"			40.05	212.410235	8.50703
46150	1021487	"[St.Euroresa.n].30"			36.65	215.464794	7.896785
46150	1021488	"[St.Eurostarch.n].25"			39.35	212.999504	8.38153
46150	1021489	"[St.Eurostarch.n].26"			49.15	208.233543	10.234679
46150	1021490	"[St.Eurostarch.n].27"			44.4	210.635392	9.352211
46150	1021491	"[St.Eurostarch.n].28"			44.2	211.058116	9.328769
46150	1021492	"[St.Eurostarch.n].29"			37.9	228.716057	8.668339
46150	1021493	"[St.Eurostarch.n].30"			37.33	221.572534	8.271303
46150	1021494	"[St.Eurotango.n].25"			48.1	178.93118	8.60659
46150	1021495	"[St.Eurotango.n].26"			48.6	173.95321	8.454126
46150	1021496	"[St.Eurotango.n].27"			44	174.522822	7.679004
46150	1021497	"[St.Eurotango.n].28"			40.7	180.301306	7.338263
46150	1021498	"[St.Eurotango.n].29"			38.55	191.457452	7.380685
46150	1021499	"[St.Eurotango.n].30"			36.15	182.561277	6.59959
46150	1021500	"[St.Jasira.n].25"			41.2	209.308942	8.623528
46150	1021501	"[St.Jasira.n].26"			58.75	201.277133	11.825032
46150	1021502	"[St.Jasira.n].27"			43.7	197.991758	8.65224
46150	1021503	"[St.Jasira.n].28"			53.8	206.036939	11.084787
46150	1021504	"[St.Jasira.n].29"			34.12	223.744332	7.634157
46150	1021505	"[St.Jasira.n].30"			46	205.264608	9.442172
46150	1021506	"[St.Kormoran.n].25"			48.7	198.314011	9.657892
46150	1021507	"[St.Kormoran.n].26"			52.1	199.384661	10.387941
46150	1021508	"[St.Kormoran.n].27"			50.2	200.343189	10.057228
46150	1021509	"[St.Kormoran.n].28"			49.85	199.356534	9.937923
46150	1021510	"[St.Kormoran.n].29"			38.9	212.184285	8.253969
46150	1021511	"[St.Kormoran.n].30"			43.45	206.796269	8.985298
46150	1021512	"[St.Kuras.n].25"			42.3	187.156347	7.916713
46150	1021513	"[St.Kuras.n].26"			46.9	182.957497	8.580707
46150	1021514	"[St.Kuras.n].27"			42.6	191.37766	8.152688
46150	1021515	"[St.Kuras.n].28"			43.55	179.329484	7.809799
46150	1021516	"[St.Kuras.n].29"			34.15	191.741637	6.547977
46150	1021517	"[St.Kuras.n].30"			31.65	187.538268	5.935586
46150	1021518	"[St.Maxi.n].25"			51.5	207.950958	10.709474
46150	1021519	"[St.Maxi.n].26"			51.4	198.492628	10.202521
46150	1021520	"[St.Maxi.n].27"			46.6	198.442796	9.247434
46150	1021521	"[St.Maxi.n].28"			48.2	195.445364	9.420467
46150	1021522	"[St.Maxi.n].29"			44.95	211.771805	9.519143
46150	1021523	"[St.Maxi.n].30"			45.25	187.781983	8.497135
46150	1021524	"[St.Maxilla.n].25"			30.86	218.773415	6.751348
46150	1021525	"[St.Maxilla.n].26"			27.76	218.011653	6.052003
46150	1021526	"[St.Maxilla.n].27"			29.65	229.934926	6.817571
46150	1021527	"[St.Maxilla.n].28"			26.45	223.08308	5.900547
46150	1021528	"[St.Maxilla.n].29"			29.7	240.764038	7.150692
46150	1021529	"[St.Maxilla.n].30"			24.75	226.057296	5.594918
46150	1021530	"[St.Sibu.n].28"			33.2	221.194895	7.343671
46150	1021531	"[St.Sibu.n].29"			33	214.381091	7.074576
46150	1021532	"[St.Sibu.n].30"			34.55	219.81369	7.594563
46150	1021533	"[St.Sibu.n].31"			33.55	227.770701	7.641707
46150	1021534	"[St.Sibu.n].32"			35.85	217.052612	7.781336
46150	1021535	"[St.Sibu.n].33"			37.8	222.572371	8.413236
46150	1021536	"[St.Tomba.n].25"			34.2	167.250269	5.719959
46150	1021537	"[St.Tomba.n].26"			40.1	161.551448	6.478213
46150	1021538	"[St.Tomba.n].27"			30.7	171.317941	5.259461
46150	1021539	"[St.Tomba.n].28"			33.7	172.079814	5.79909
46150	1021540	"[St.Tomba.n].29"			26.5	182.509921	4.836513
46150	1021541	"[St.Tomba.n].30"			29.8	170.754955	5.088498
46150	1021542	"[St.Ulme.n].25"			48.65	174.054332	8.467743
46150	1021543	"[St.Ulme.n].26"			41.3	178.285925	7.363209
46150	1021544	"[St.Ulme.n].27"			45.8	175.930881	8.057634
46150	1021545	"[St.Ulme.n].28"			39.7	171.719843	6.817278
46150	1021546	"[St.Ulme.n].29"			38.6	171.95105	6.637311
46150	1021547	"[St.Ulme.n].30"			30.15	189.097437	5.701288
46150	1021548	"[St.Kolibri.n].25"			54.25	185.51245	10.06405
46150	1021549	"[St.Kolibri.n].26"			59.6	180.331588	10.747763
46150	1021550	"[St.Kolibri.n].27"			55.9	189.233679	10.578163
46150	1021551	"[St.Kolibri.n].28"			58.45	180.6269	10.557642
46150	1021552	"[St.Kolibri.n].29"			44.45	195.444988	8.68753
46150	1021553	"[St.Kolibri.n].30"			52.6	194.133963	10.211446
46150	1021554	"[St.Logo.n].25"			38.4	212.387843	8.155693
46150	1021555	"[St.Logo.n].26"			43.1	201.438003	8.681978
46150	1021556	"[St.Logo.n].27"			38	217.737849	8.274038
46150	1021557	"[St.Logo.n].28"			41.5	210.752052	8.74621
46150	1021558	"[St.Logo.n].29"			32.15	229.221871	7.369483
46150	1021559	"[St.Logo.n].30"			41.2	218.592401	9.006007
56726	1170044	"[St.Eldena.n].61"			14.656	189	2.769984
56726	1170045	"[St.Eldena.n].62"			10.34	178	1.84052
56726	1170046	"[St.Eldena.n].63"			8.626	172	1.483672
56726	1170047	"[St.Eldena.n].64"			9.112	179	1.631048
56726	1170048	"[St.Eldena.n].65"			11.052	183	2.022516
56726	1170049	"[St.Eldena.n].66"			12.316	178	2.192248
56726	1170050	"[St.Eldena.n].67"			11.638	191	2.222858
56726	1170051	"[St.Eldena.n].68"			10.132	166	1.681912
56726	1170052	"[St.Euroflora.n].61"			13.066	209	2.730794
56726	1170053	"[St.Euroflora.n].62"			9.284	208	1.931072
56726	1170054	"[St.Euroflora.n].63"			11.996	212	2.543152
56726	1170055	"[St.Euroflora.n].64"			11.338	216	2.449008
56726	1170056	"[St.Euroflora.n].65"			14.098	223	3.143854
56726	1170057	"[St.Euroflora.n].66"			8.524	192	1.636608
56726	1170058	"[St.Euroflora.n].67"			9.872	227	2.240944
56726	1170059	"[St.Euroflora.n].68"			8.636	186	1.606296
56726	1170060	"[St.Euronova.n].60"			11.7	203	2.3751
56726	1170061	"[St.Euronova.n].61"			10.158	191	1.940178
56726	1170062	"[St.Euronova.n].62"			12.184	191	2.327144
56726	1170063	"[St.Euronova.n].63"			10.89	177	1.92753
56726	1170064	"[St.Euronova.n].64"			9.752	196	1.911392
56726	1170065	"[St.Euronova.n].65"			8.11	175	1.41925
56726	1170066	"[St.Euronova.n].66"			8.3	210	1.743
56726	1170067	"[St.Euronova.n].67"			11.628	190	2.20932
56726	1170068	"[St.Eurotango.n].61"			12.254	189	2.316006
56726	1170069	"[St.Eurotango.n].62"			8.742	188	1.643496
56726	1170070	"[St.Eurotango.n].63"			10.616	202	2.144432
56726	1170071	"[St.Eurotango.n].64"			9.21	193	1.77753
56726	1170072	"[St.Eurotango.n].65"			11.066	198	2.191068
56726	1170073	"[St.Eurotango.n].66"			9.958	191	1.901978
56726	1170074	"[St.Eurotango.n].67"			9.37	174	1.63038
56726	1170075	"[St.Eurotango.n].68"			9.88	194	1.91672
56726	1170076	"[St.Tomba.n].60"			8.664	203	1.758792
56726	1170077	"[St.Tomba.n].61"			7.601	214	1.626614
56726	1170078	"[St.Tomba.n].62"			11.14	205	2.2837
56726	1170079	"[St.Tomba.n].63"			9.894	212	2.097528
56726	1170080	"[St.Tomba.n].64"			10.604	205	2.17382
56726	1170081	"[St.Tomba.n].65"			8.934	207	1.849338
56726	1170082	"[St.Tomba.n].66"			9.532	217	2.068444
56726	1170083	"[St.Tomba.n].67"			8.002	216	1.728432
56726	1170084	"[St.Eurobravo.n].60"			11.54	205	2.3657
56726	1170085	"[St.Eurobravo.n].61"			8.236	168	1.383648
56726	1170086	"[St.Eurobravo.n].62"			12.394	193	2.392042
56726	1170087	"[St.Eurobravo.n].63"			9.058	201	1.820658
56726	1170088	"[St.Eurobravo.n].64"			9.6	197	1.8912
56726	1170089	"[St.Eurobravo.n].65"			10.614	200	2.1228
56726	1170090	"[St.Eurobravo.n].66"			11.788	187	2.204356
56726	1170091	"[St.Eurobravo.n].67"			9.918	218	2.162124
56726	1170092	"[St.Jumbo.n].61"			9.806	199	1.951394
56726	1170093	"[St.Jumbo.n].62"			8.512	177	1.506624
56726	1170094	"[St.Jumbo.n].63"			12.22	198	2.41956
56726	1170095	"[St.Jumbo.n].64"			11.174	189	2.111886
56726	1170096	"[St.Jumbo.n].65"			11.09	193	2.14037
56726	1170097	"[St.Jumbo.n].66"			11.064	200	2.2128
56726	1170098	"[St.Jumbo.n].67"			8.844	187	1.653828
56726	1170099	"[St.Jumbo.n].68"			9.306	198	1.842588
56726	1170100	"[St.Logo.n].61"			8.01	220	1.7622
56726	1170101	"[St.Logo.n].62"			6.28	243	1.52604
56726	1170102	"[St.Logo.n].63"			9.28	238	2.20864
56726	1170103	"[St.Logo.n].64"			7.744	220	1.70368
56726	1170104	"[St.Logo.n].65"			8.806	234	2.060604
56726	1170105	"[St.Logo.n].66"			6.742	227	1.530434
56726	1170106	"[St.Logo.n].67"			8.936	230	2.05528
56726	1170107	"[St.Logo.n].68"			9.184	213	1.956192
56726	1170108	"[St.Maxi.n].61"			12.116	192	2.326272
56726	1170109	"[St.Maxi.n].62"			7.096	194	1.376624
56726	1170110	"[St.Maxi.n].63"			12.332	200	2.4664
56726	1170111	"[St.Maxi.n].64"			9.206	191	1.758346
56726	1170112	"[St.Maxi.n].65"			12.378	193	2.388954
56726	1170113	"[St.Maxi.n].66"			9.32	203	1.89196
56726	1170114	"[St.Maxi.n].67"			9.466	212	2.006792
56726	1170115	"[St.Maxi.n].68"			9.92	198	1.96416
56726	1170116	"[St.Power.n].66"			6.044	217	1.311548
56726	1170117	"[St.Power.n].67"			7.48	210	1.5708
56726	1170118	"[St.Power.n].68"			7.97	223	1.77731
56726	1170119	"[St.Power.n].69"			8.976	227	2.037552
56726	1170120	"[St.Power.n].70"			6.682	218	1.456676
56726	1170121	"[St.Power.n].71"			8.8	211	1.8568
56726	1170122	"[St.Power.n].72"			8.322	194	1.614468
56726	1170123	"[St.Power.n].73"			7.81	202	1.57762
56726	1170124	"[St.Sommergold.n].61"			7.838	195	1.52841
56726	1170125	"[St.Sommergold.n].62"			9.024	205	1.84992
56726	1170126	"[St.Sommergold.n].63"			10.952	201	2.201352
56726	1170127	"[St.Sommergold.n].64"			8.324	203	1.689772
56726	1170128	"[St.Sommergold.n].65"			8.048	199	1.601552
56726	1170129	"[St.Sommergold.n].66"			8.676	202	1.752552
56726	1170130	"[St.Sommergold.n].67"			10.048	205	2.05984
56726	1170131	"[St.Sommergold.n].68"			8.718	208	1.813344
56726	1170132	"[St.Albatros.n].61"			9.542	213	2.032446
56726	1170133	"[St.Albatros.n].62"			6.778	205	1.38949
56726	1170134	"[St.Albatros.n].63"			5.72	197	1.12684
56726	1170135	"[St.Albatros.n].64"			6.546	222	1.453212
56726	1170136	"[St.Albatros.n].65"			9.766	197	1.923902
56726	1170137	"[St.Albatros.n].66"			7.52	221	1.66192
56726	1170138	"[St.Albatros.n].67"			9.306	205	1.90773
56726	1170139	"[St.Albatros.n].68"			7.1	209	1.4839
56726	1170140	"[St.Karlena.n].70"			8.88	186	1.65168
56726	1170141	"[St.Karlena.n].71"			5.946	176	1.046496
56726	1170142	"[St.Karlena.n].72"			7.048	183	1.289784
56726	1170143	"[St.Karlena.n].73"			8.876	182	1.615432
56726	1170144	"[St.Karlena.n].74"			7.534	176	1.325984
56726	1170145	"[St.Karlena.n].75"			7.126	181	1.289806
56726	1170146	"[St.Karlena.n].76"			9.934	188	1.867592
56726	1170147	"[St.Karlena.n].77"			9.896	198	1.959408
56726	1170148	"[St.Kiebitz.n].61"			7.674	182	1.396668
56726	1170149	"[St.Kiebitz.n].62"			5.674	182	1.032668
56726	1170150	"[St.Kiebitz.n].63"			9.888	177	1.750176
56726	1170151	"[St.Kiebitz.n].64"			6.626	171	1.133046
56726	1170152	"[St.Kiebitz.n].65"			7.892	185	1.46002
56726	1170153	"[St.Kiebitz.n].66"			7.096	179	1.270184
56726	1170154	"[St.Kiebitz.n].67"			7.422	172	1.276584
56726	1170155	"[St.Kiebitz.n].68"			7.102	183	1.299666
56726	1170156	"[St.Kolibri.n].61"			7.274	195	1.41843
56726	1170157	"[St.Kolibri.n].62"			5.848	185	1.08188
56726	1170158	"[St.Kolibri.n].63"			5.46	173	0.94458
56726	1170159	"[St.Kolibri.n].64"			7.008	179	1.254432
56726	1170160	"[St.Kolibri.n].65"			6.244	197	1.230068
56726	1170161	"[St.Kolibri.n].66"			7.086	178	1.261308
56726	1170162	"[St.Kolibri.n].67"			4.956	170	0.84252
56726	1170163	"[St.Kolibri.n].68"			5.814	185	1.07559
56726	1170164	"[St.Kormoran.n].61"			7.124	228	1.624272
56726	1170165	"[St.Kormoran.n].62"			7.146	224	1.600704
56726	1170166	"[St.Kormoran.n].63"			7.592	230	1.74616
56726	1170167	"[St.Kormoran.n].64"			5.884	221	1.300364
56726	1170168	"[St.Kormoran.n].65"			7.058	211	1.489238
56726	1170169	"[St.Kormoran.n].66"			7.332	219	1.605708
56726	1170170	"[St.Kormoran.n].67"			8.16	223	1.81968
56726	1170171	"[St.Kormoran.n].68"			6.19	225	1.39275
56726	1170172	"[St.Maxilla.n].61"			11.63	208	2.41904
56726	1170173	"[St.Maxilla.n].62"			9.194	207	1.903158
56726	1170174	"[St.Maxilla.n].63"			9.066	204	1.849464
56726	1170175	"[St.Maxilla.n].64"			11.214	203	2.276442
56726	1170176	"[St.Maxilla.n].65"			13.738	211	2.898718
56726	1170177	"[St.Maxilla.n].66"			11.572	203	2.349116
56726	1170178	"[St.Maxilla.n].67"			12.552	220	2.76144
56726	1170179	"[St.Maxilla.n].68"			10.954	200	2.1908
56726	1170180	"[St.Pirol.n].61"			9.322	177	1.649994
56726	1170181	"[St.Pirol.n].62"			6.838	182	1.244516
56726	1170182	"[St.Pirol.n].63"			11.878	168	1.995504
56726	1170183	"[St.Pirol.n].64"			7.484	183	1.369572
56726	1170184	"[St.Pirol.n].65"			8.844	180	1.59192
56726	1170185	"[St.Pirol.n].66"			8.934	181	1.617054
56726	1170186	"[St.Pirol.n].67"			8.796	173	1.521708
56726	1170187	"[St.Pirol.n].68"			6.52	166	1.08232
56726	1170188	"[St.Alegria.n].342"			7.676	142	1.089992
56726	1170189	"[St.Alegria.n].343"			5.616	144	0.808704
56726	1170190	"[St.Alegria.n].344"			9.812	146	1.432552
56726	1170191	"[St.Alegria.n].345"			6.536	144	0.941184
56726	1170192	"[St.Alegria.n].346"			6.698	154	1.031492
56726	1170193	"[St.Alegria.n].347"			6.586	142	0.935212
56726	1170194	"[St.Alegria.n].348"			7.598	162	1.230876
56726	1170195	"[St.Alegria.n].349"			9.312	152	1.415424
56726	1170196	"[St.Euroresa.n].60"			10.702	238	2.547076
56726	1170197	"[St.Euroresa.n].61"			10.6	228	2.4168
56726	1170198	"[St.Euroresa.n].62"			11.66	227	2.64682
56726	1170199	"[St.Euroresa.n].63"			8.77	217	1.90309
56726	1170200	"[St.Euroresa.n].64"			12.562	223	2.801326
56726	1170201	"[St.Euroresa.n].65"			9.304	197	1.832888
56726	1170202	"[St.Euroresa.n].66"			13.198	220	2.90356
56726	1170203	"[St.Euroresa.n].67"			10.546	211	2.225206
56726	1170204	"[St.Eurostarch.n].61"			13.514	211	2.851454
56726	1170205	"[St.Eurostarch.n].62"			10.444	201	2.099244
56726	1170206	"[St.Eurostarch.n].63"			13.45	215	2.89175
56726	1170207	"[St.Eurostarch.n].64"			11.558	206	2.380948
56726	1170208	"[St.Eurostarch.n].65"			14.345	198	2.84031
56726	1170209	"[St.Eurostarch.n].66"			9.538	210	2.00298
56726	1170210	"[St.Eurostarch.n].67"			14.118	206	2.908308
56726	1170211	"[St.Eurostarch.n].68"			11.962	215	2.57183
56726	1170212	"[St.Kuras.n].61"			11.866	199	2.361334
56726	1170213	"[St.Kuras.n].62"			10.336	210	2.17056
56726	1170214	"[St.Kuras.n].63"			11.324	223	2.525252
56726	1170215	"[St.Kuras.n].64"			10.514	204	2.144856
56726	1170216	"[St.Kuras.n].65"			11.492	216	2.482272
56726	1170217	"[St.Kuras.n].66"			10.656	198	2.109888
56726	1170218	"[St.Kuras.n].67"			10.282	217	2.231194
56726	1170219	"[St.Kuras.n].68"			7.246	190	1.37674
56726	1170220	"[St.Tomensa.n].61"			5.716	203	1.160348
56726	1170221	"[St.Tomensa.n].62"			4.01	181	0.72581
56726	1170222	"[St.Tomensa.n].63"			5.59	195	1.09005
56726	1170223	"[St.Tomensa.n].64"			5.978	197	1.177666
56726	1170224	"[St.Tomensa.n].65"			8.408	221	1.858168
56726	1170225	"[St.Tomensa.n].66"			5.36	199	1.06664
56726	1170226	"[St.Tomensa.n].67"			7.812	204	1.593648
56726	1170227	"[St.Tomensa.n].68"			5.668	195	1.10526
56726	1170228	"[St.Burana.n].62"			9.308	223	2.075684
56726	1170229	"[St.Burana.n].63"			8.234	207	1.704438
56726	1170230	"[St.Burana.n].64"			10.172	220	2.23784
56726	1170231	"[St.Burana.n].65"			8.898	224	1.993152
56726	1170232	"[St.Burana.n].66"			9.686	219	2.121234
56726	1170233	"[St.Burana.n].67"			7.784	205	1.59572
56726	1170234	"[St.Burana.n].68"			7.32	217	1.58844
56726	1170235	"[St.Burana.n].69"			8.756	195	1.70742
56726	1170236	"[St.Golf.n].62"			6.448	185	1.19288
56726	1170237	"[St.Golf.n].63"			6.286	202	1.269772
56726	1170238	"[St.Golf.n].64"			5.962	186	1.108932
56726	1170239	"[St.Golf.n].65"			6.404	189	1.210356
56726	1170240	"[St.Golf.n].66"			5.854	184	1.077136
56726	1170241	"[St.Golf.n].67"			4.842	181	0.876402
56726	1170242	"[St.Golf.n].68"			5.8	185	1.073
56726	1170243	"[St.Golf.n].69"			5.576	179	0.998104
56726	1170244	"[St.Sibu.n].62"			9.244	197	1.821068
56726	1170245	"[St.Sibu.n].63"			9.864	211	2.081304
56726	1170246	"[St.Sibu.n].64"			11.046	207	2.286522
56726	1170247	"[St.Sibu.n].65"			9.542	187	1.784354
56726	1170248	"[St.Sibu.n].66"			8.646	193	1.668678
56726	1170249	"[St.Sibu.n].67"			10.526	205	2.15783
56726	1170250	"[St.Sibu.n].68"			11.272	198	2.231856
56726	1170251	"[St.Sibu.n].69"			9.594	200	1.9188
56726	1170252	"[St.Verdi.n].63"			7.75	202	1.5655
56726	1170253	"[St.Verdi.n].64"			7.428	215	1.59702
56726	1170254	"[St.Verdi.n].65"			6.026	203	1.223278
56726	1170255	"[St.Verdi.n].66"			4.474	190	0.85006
56726	1170256	"[St.Verdi.n].67"			8.984	218	1.958512
56726	1170257	"[St.Verdi.n].68"			7.452	214	1.594728
56726	1170258	"[St.Verdi.n].69"			6.03	197	1.18791
56726	1170259	"[St.Verdi.n].70"			8.744	203	1.775032
56726	1170260	"[St.Priamos.n].67"			9.174	191	1.752234
56726	1170261	"[St.Priamos.n].68"			7.168	191	1.369088
56726	1170262	"[St.Priamos.n].69"			10.864	179	1.944656
56726	1170263	"[St.Priamos.n].70"			8.73	177	1.54521
56726	1170264	"[St.Priamos.n].71"			8.958	195	1.74681
56726	1170265	"[St.Priamos.n].72"			8.018	194	1.555492
56726	1170266	"[St.Priamos.n].73"			6.822	177	1.207494
56726	1170267	"[St.Priamos.n].74"			9.511	184	1.750024
56726	1170268	"[St.Ramses.n].62"			12.708	207	2.630556
56726	1170269	"[St.Ramses.n].63"			10.086	211	2.128146
56726	1170270	"[St.Ramses.n].64"			14.814	198	2.933172
56726	1170271	"[St.Ramses.n].65"			9.52	191	1.81832
56726	1170272	"[St.Ramses.n].66"			15.924	198	3.152952
56726	1170273	"[St.Ramses.n].67"			10.34	201	2.07834
56726	1170274	"[St.Ramses.n].68"			10.192	194	1.977248
56726	1170275	"[St.Ramses.n].69"			10.402	207	2.153214
56726	1170276	"[St.Milva.n].343"			11.628	148	1.720944
56726	1170277	"[St.Milva.n].344"			6.92	144	0.99648
56726	1170278	"[St.Milva.n].345"			9.8	142	1.3916
56726	1170279	"[St.Milva.n].346"			7.254	150	1.0881
56726	1170280	"[St.Milva.n].347"			9.848	144	1.418112
56726	1170281	"[St.Milva.n].348"			12.172	167	2.032724
56726	1170282	"[St.Milva.n].349"			8.182	136	1.112752
56726	1170283	"[St.Milva.n].350"			9.048	144	1.302912
56726	1170284	"[St.Milva.n].351"			10.346	152	1.572592
56726	1170285	"[St.Milva.n].352"			8.24	157	1.29368
56726	1170286	"[St.Milva.n].353"			6.506	130	0.84578
56726	1170287	"[St.Milva.n].354"			7.222	136	0.982192
56726	1170288	"[St.Milva.n].355"			12.53	151	1.89203
56726	1170289	"[St.Milva.n].356"			7.506	144	1.080864
56726	1170290	"[St.Milva.n].357"			11.122	148	1.646056
56726	1170291	"[St.Milva.n].358"			7.562	154	1.164548
56726	1170292	"[St.Alegria.n].350"			11.278	161	1.815758
56726	1170293	"[St.Alegria.n].351"			5.434	156	0.847704
56726	1170294	"[St.Alegria.n].352"			7.488	150	1.1232
56726	1170295	"[St.Alegria.n].353"			7.994	142	1.135148
56726	1170296	"[St.Alegria.n].354"			8.196	142	1.163832
56726	1170297	"[St.Alegria.n].355"			8.906	142	1.264652
56726	1170298	"[St.Alegria.n].356"			8.03	151	1.21253
56726	1170299	"[St.Alegria.n].357"			6.342	140	0.88788
56726	1170308	"[St.Saturna.n].355"			6.51	195	1.26945
56726	1170309	"[St.Saturna.n].356"			6.28	188	1.18064
56726	1170310	"[St.Saturna.n].357"			7.738	187	1.447006
56726	1170311	"[St.Saturna.n].358"			8.338	178	1.484164
56726	1170312	"[St.Saturna.n].359"			7.732	181	1.399492
56726	1170313	"[St.Saturna.n].360"			7.872	182	1.432704
56726	1170314	"[St.Saturna.n].361"			6.11	180	1.0998
56726	1170315	"[St.Saturna.n].362"			5.944	176	1.046144
56726	1170316	"[St.Saturna.n].363"			7.33	187	1.37071
56726	1170317	"[St.Saturna.n].364"			7.684	173	1.329332
56726	1170318	"[St.Saturna.n].365"			9.772	180	1.75896
56726	1170319	"[St.Saturna.n].366"			7.022	196	1.376312
56726	1170320	"[St.Saturna.n].367"			8.302	181	1.502662
56726	1170321	"[St.Saturna.n].368"			6.4	176	1.1264
56726	1170322	"[St.Saturna.n].369"			5.888	173	1.018624
56726	1170323	"[St.Saturna.n].370"			7.23	169	1.22187
56726	1170332	"[St.D.n].67"			7.55	153	1.15515
56726	1170333	"[St.D.n].68"			7.055	146	1.03003
56726	1170334	"[St.D.n].69"			8.664	163	1.412232
56726	1170335	"[St.D.n].70"			6.886	148	1.019128
56726	1170336	"[St.D.n].71"			7.586	148	1.122728
56726	1170337	"[St.D.n].72"			7.066	150	1.0599
56726	1170338	"[St.D.n].73"			9.644	142	1.369448
56726	1170339	"[St.D.n].74"			7.51	142	1.06642
56726	1170340	"[St.D.n].75"			9.354	163	1.524702
56726	1170341	"[St.D.n].76"			7.48	168	1.25664
56726	1170342	"[St.D.n].77"			6.268	142	0.890056
56726	1170343	"[St.D.n].78"			8.078	157	1.268246
56726	1170344	"[St.D.n].79"			6.314	140	0.88396
56726	1170345	"[St.D.n].80"			8.414	140	1.17796
56726	1170346	"[St.D.n].81"			8.3	148	1.2284
56726	1170347	"[St.D.n].82"			6.226	142	0.884092
56726	1173489	"[St.Jasia.n].1"			11.628	181	2.104668
56726	1173490	"[St.Jasia.n].2"			7.438	184	1.368592
56726	1173491	"[St.Jasia.n].3"			10.524	210	2.21004
56726	1173492	"[St.Jasia.n].4"			10.308	196	2.020368
56726	1173493	"[St.Jasia.n].5"			10.82	182	1.96924
56726	1173494	"[St.Jasia.n].6"			11.132	206	2.293192
56726	1173495	"[St.Jasia.n].7"			11.65	198	2.3067
56726	1173496	"[St.Jasia.n].8"			8.832	176	1.554432
56726	1173497	"[St.Ulme.n].63"			9.38	207	1.94166
56726	1173498	"[St.Ulme.n].64"			5.346	198	1.058508
56726	1173499	"[St.Ulme.n].65"			5.152	188	0.968576
56726	1173500	"[St.Ulme.n].66"			6.634	196	1.300264
56726	1173501	"[St.Ulme.n].67"			7.506	202	1.516212
56726	1173502	"[St.Ulme.n].68"			8.322	194	1.614468
56726	1173503	"[St.Ulme.n].69"			5.382	190	1.02258
56726	1173504	"[St.Ulme.n].70"			5.692	205	1.16686
