Aliquot|Sample_ID,subspecies,fw_dw1,sample_date_fwdw1,quality_fwdw1,rwc1,sample_date_rwc1,quality_rwc1,fw_dw2,sample_date_fwdw2,quality_fwdw2,rwc2,sample_date_rwc2,quality_rwc2
1074506,1,8.40659,2011-09-01,7,0.72629,2011-09-01,7,8.97260,2011-09-29,7,0.80498,2011-09-29,7
1074507,1,10.08511,2011-09-01,7,0.72867,2011-09-01,7,8.26761,2011-09-29,7,0.81260,2011-09-29,7
1074508,1,9.43243,2011-09-01,7,0.72222,2011-09-01,7,8.16547,2011-09-29,7,0.84910,2011-09-29,7
1074509,1,8.55462,2011-09-01,7,0.82553,2011-09-01,7,8.77931,2011-09-29,7,0.75806,2011-09-29,7
1074510,1,8.85124,2011-09-01,7,0.74510,2011-09-01,7,7.49296,2011-09-29,7,0.77479,2011-09-29,7
1074511,1,8.91667,2011-09-01,7,0.73707,2011-09-01,7,8.64444,2011-09-29,7,0.76360,2011-09-29,7
1074512,1,8.92683,2011-09-01,7,0.72009,2011-09-01,7,7.61111,2011-09-29,7,0.77948,2011-09-29,7
1074513,1,9.69388,2011-09-01,7,0.77174,2011-09-01,7,8.27778,2011-09-29,7,0.69386,2011-09-29,7
1074515,1,8.90323,2011-09-01,7,0.70402,2011-09-01,7,7.57692,2011-09-29,7,0.85607,2011-09-29,7
1074516,1,8.32203,2011-09-01,7,0.79266,2011-09-01,7,9.48276,2011-09-29,7,0.92066,2011-09-29,7
1074517,1,9.64957,2011-09-01,7,0.78510,2011-09-01,7,8.13333,2011-09-29,7,0.86213,2011-09-29,7
1074518,1,8.86316,2011-09-01,7,0.76773,2011-09-01,7,7.73034,2011-09-29,7,0.73678,2011-09-29,7
1074519,1,7.92405,2011-08-29,7,NA,NA,NA,7.68750,2011-09-26,7,0.76102,2011-09-26,7
1074520,1,7.68000,2011-08-29,7,NA,NA,NA,7.08451,2011-09-26,7,0.72483,2011-09-26,7
1074521,1,8.82278,2011-08-29,7,NA,NA,NA,6.88889,2011-09-26,7,0.67373,2011-09-26,7
1074522,1,7.44828,2011-08-29,7,NA,NA,NA,7.03279,2011-09-26,7,0.68657,2011-09-26,7
1074524,1,8.60185,2011-08-29,7,NA,NA,NA,6.90196,2011-09-26,7,0.65011,2011-09-26,7
1074525,1,8.15584,2011-08-29,7,NA,NA,NA,8.92366,2011-09-26,7,0.90655,2011-09-26,7
1074526,1,7.76562,2011-08-29,7,NA,NA,NA,8.60185,2011-09-26,7,0.80648,2011-09-26,7
1074527,1,8.55422,2011-08-29,7,NA,NA,NA,7.09615,2011-09-26,7,0.63655,2011-09-26,7
1074528,1,8.21176,2011-08-29,7,NA,NA,NA,10.03784,2011-09-26,7,0.82243,2011-09-26,7
1074529,1,10.11650,2011-08-29,7,NA,NA,NA,7.39506,2011-09-26,7,0.71845,2011-09-26,7
1074530,1,8.38095,2011-08-29,7,NA,NA,NA,7.71765,2011-09-26,7,0.81455,2011-09-26,7
1074531,1,7.81707,2011-08-29,7,NA,NA,NA,7.67857,2011-09-26,7,0.79462,2011-09-26,7
1074532,1,8.71429,2011-08-29,7,NA,NA,NA,7.49231,2011-09-26,7,0.62891,2011-09-26,7
1074533,1,8.09677,2011-08-29,7,NA,NA,NA,8.25000,2011-09-26,7,0.64139,2011-09-26,7
1074534,1,7.49091,2011-08-29,7,NA,NA,NA,7.80597,2011-09-26,7,0.65896,2011-09-26,7
1074535,1,7.48235,2011-08-29,7,NA,NA,NA,7.25352,2011-09-26,7,0.59121,2011-09-26,7
1074536,1,6.82090,2011-08-29,7,NA,NA,NA,6.84746,2011-09-26,7,0.61279,2011-09-26,7
1074537,1,7.56410,2011-08-29,7,NA,NA,NA,6.57377,2011-09-26,7,0.61594,2011-09-26,7
1074538,1,7.39344,2011-08-29,7,NA,NA,NA,7.27941,2011-09-26,7,0.69094,2011-09-26,7
1074539,1,7.60294,2011-08-29,7,NA,NA,NA,7.88043,2011-09-26,7,0.67269,2011-09-26,7
1074540,1,6.53247,2011-08-29,7,NA,NA,NA,8.18841,2011-09-26,7,0.64837,2011-09-26,7
1074541,1,6.85882,2011-08-29,7,NA,NA,NA,7.12121,2011-09-26,7,0.59763,2011-09-26,7
1074542,1,8.75439,2011-08-29,7,NA,NA,NA,7.84000,2011-09-26,7,0.62069,2011-09-26,7
1074543,1,6.78022,2011-08-29,7,NA,NA,NA,8.23729,2011-09-26,7,0.66980,2011-09-26,7
1074544,1,7.29114,2011-09-01,7,0.68363,2011-09-01,7,8.38384,2011-09-29,7,0.80330,2011-09-29,7
1074545,1,7.65625,2011-09-01,7,0.66012,2011-09-01,7,6.98413,2011-09-29,7,0.68051,2011-09-29,7
1074546,1,8.22414,2011-09-01,7,0.65163,2011-09-01,7,8.51351,2011-09-29,7,0.64802,2011-09-29,7
1074547,1,7.51852,2011-09-01,7,0.63614,2011-09-01,7,8.87342,2011-09-29,7,0.69420,2011-09-29,7
1074548,1,8.61589,2011-09-01,7,0.79585,2011-09-01,7,8.17978,2011-09-29,7,0.70843,2011-09-29,7
1074549,1,8.38168,2011-09-01,7,0.69369,2011-09-01,7,7.44944,2011-09-29,7,0.71304,2011-09-29,7
1074550,1,7.84259,2011-09-01,7,0.65340,2011-09-01,7,8.05769,2011-09-29,7,0.72890,2011-09-29,7
1074551,1,8.02299,2011-09-01,7,0.70882,2011-09-01,7,6.95556,2011-09-29,7,0.65446,2011-09-29,7
1074552,1,9.02532,2011-09-01,7,0.70601,2011-09-01,7,7.32911,2011-09-29,7,0.66756,2011-09-29,7
1074553,1,8.82727,2011-09-01,7,0.71571,2011-09-01,7,8.05263,2011-09-29,7,0.75366,2011-09-29,7
1074554,1,9.01852,2011-09-01,7,0.77184,2011-09-01,7,8.31933,2011-09-29,7,0.85392,2011-09-29,7
1074555,1,8.88172,2011-09-01,7,0.71234,2011-09-01,7,8.28571,2011-09-29,7,0.67819,2011-09-29,7
1074556,1,7.46154,2011-09-01,7,0.65882,2011-09-01,7,7.64815,2011-09-29,7,0.86610,2011-09-29,7
1074557,1,7.33333,2011-09-01,7,0.63883,2011-09-01,7,7.85542,2011-09-29,7,0.83676,2011-09-29,7
1074558,1,7.80153,2011-09-01,7,0.78364,2011-09-01,7,6.95122,2011-09-29,7,0.85166,2011-09-29,7
1074559,1,7.51818,2011-09-01,7,0.76684,2011-09-01,7,7.56061,2011-09-29,7,0.87475,2011-09-29,7
1074560,1,7.76056,2011-09-01,7,0.71322,2011-09-01,7,6.74684,2011-09-29,7,0.72063,2011-09-29,7
1074562,1,6.50820,2011-09-01,7,0.61426,2011-09-01,7,7.25352,2011-09-29,7,0.80000,2011-09-29,7
1074563,1,7.55372,2011-09-01,7,0.75740,2011-09-01,7,7.25000,2011-09-29,7,0.75758,2011-09-29,7
1074564,1,8.07438,2011-09-01,7,0.84836,2011-09-01,7,7.68056,2011-09-29,7,0.81525,2011-09-29,7
1074565,1,6.93056,2011-09-01,7,0.70462,2011-09-01,7,7.28169,2011-09-29,7,0.86267,2011-09-29,7
1074566,1,6.50794,2011-09-01,7,0.64739,2011-09-01,7,6.87302,2011-09-29,7,0.74747,2011-09-29,7
1074567,1,7.26214,2011-09-01,7,0.69280,2011-09-01,7,6.64935,2011-09-29,7,0.78520,2011-09-29,7
1074568,1,7.85106,2011-09-01,7,0.65381,2011-09-01,7,6.61972,2011-09-29,7,0.76145,2011-09-29,7
1074569,1,7.51429,2011-08-29,7,NA,NA,NA,7.86735,2011-09-26,7,0.76914,2011-09-26,7
1074570,1,6.85333,2011-08-29,7,NA,NA,NA,6.20000,2011-09-26,7,0.75484,2011-09-26,7
1074571,1,7.25758,2011-08-29,7,NA,NA,NA,7.28235,2011-09-26,7,0.81776,2011-09-26,7
1074572,1,7.31481,2011-08-29,7,NA,NA,NA,7.09375,2011-09-26,7,0.73034,2011-09-26,7
1074573,1,7.32857,2011-08-29,7,NA,NA,NA,6.74576,2011-09-26,7,0.66082,2011-09-26,7
1074574,1,6.79487,2011-08-29,7,NA,NA,NA,7.37681,2011-09-26,7,0.73456,2011-09-26,7
1074575,1,6.73077,2011-08-29,7,NA,NA,NA,6.32727,2011-09-26,7,0.70944,2011-09-26,7
1074576,1,7.21053,2011-08-29,7,NA,NA,NA,6.76562,2011-09-26,7,0.61603,2011-09-26,7
1074578,1,7.53271,2011-08-29,7,NA,NA,NA,6.88000,2011-09-26,7,0.83681,2011-09-26,7
1074579,1,7.30952,2011-08-29,7,NA,NA,NA,6.65079,2011-09-26,7,0.77560,2011-09-26,7
1074580,1,7.12329,2011-08-29,7,NA,NA,NA,6.55738,2011-09-26,7,0.71519,2011-09-26,7
1074581,1,7.03896,2011-08-29,7,NA,NA,NA,7.19355,2011-09-26,7,0.84088,2011-09-26,7
1074582,1,6.77143,2011-08-29,7,NA,NA,NA,7.14035,2011-09-26,7,0.67698,2011-09-26,7
1074583,1,9.10112,2011-08-29,7,NA,NA,NA,7.52000,2011-09-26,7,0.68392,2011-09-26,7
1074584,1,6.02857,2011-08-29,7,NA,NA,NA,6.95556,2011-09-26,7,0.61609,2011-09-26,7
1074585,1,6.65789,2011-08-29,7,NA,NA,NA,6.05128,2011-09-26,7,0.57434,2011-09-26,7
1074586,1,7.22989,2011-08-29,7,NA,NA,NA,7.67347,2011-09-26,7,0.71397,2011-09-26,7
1074587,1,6.32258,2011-08-29,7,NA,NA,NA,8.27273,2011-09-26,7,0.65107,2011-09-26,7
1074588,1,6.46067,2011-08-29,7,NA,NA,NA,7.19718,2011-09-26,7,0.71429,2011-09-26,7
1074589,1,5.90291,2011-08-29,7,NA,NA,NA,7.31111,2011-09-26,7,0.64545,2011-09-26,7
1074590,1,7.02299,2011-08-29,7,NA,NA,NA,7.08475,2011-09-26,7,0.62982,2011-09-26,7
1074591,1,6.34286,2011-08-29,7,NA,NA,NA,6.63934,2011-09-26,7,0.65774,2011-09-26,7
1074592,1,6.69118,2011-08-29,7,NA,NA,NA,7.40625,2011-09-26,7,0.71678,2011-09-26,7
1074593,1,6.33824,2011-08-29,7,NA,NA,NA,8.04000,2011-09-26,7,0.66751,2011-09-26,7
1074594,1,6.75362,2011-09-01,7,0.59610,2011-09-01,7,8.30667,2011-09-29,7,0.66424,2011-09-29,7
1074595,1,7.09836,2011-09-01,7,0.65608,2011-09-01,7,7.11905,2011-09-29,7,0.75811,2011-09-29,7
1074596,1,6.16327,2011-09-01,7,0.62010,2011-09-01,7,7.28261,2011-09-29,7,0.67053,2011-09-29,7
1074597,1,7.17857,2011-09-01,7,0.67578,2011-09-01,7,8.72727,2011-09-29,7,0.63501,2011-09-29,7
1074598,1,7.35897,2011-09-01,7,0.73373,2011-09-01,7,7.41935,2011-09-29,7,0.71712,2011-09-29,7
1074599,1,7.42857,2011-09-01,7,0.69425,2011-09-01,7,7.74468,2011-09-29,7,0.69594,2011-09-29,7
1074600,1,7.45000,2011-09-01,7,0.73714,2011-09-01,7,7.64062,2011-09-29,7,0.72774,2011-09-29,7
1074601,1,7.12346,2011-09-01,7,0.64668,2011-09-01,7,7.77000,2011-09-29,7,0.67972,2011-09-29,7
1074602,1,8.05682,2011-09-01,7,0.75364,2011-09-01,7,7.01250,2011-09-29,7,0.68616,2011-09-29,7
1074603,1,7.31818,2011-09-01,7,0.76796,2011-09-01,7,7.41304,2011-09-29,7,0.75933,2011-09-29,7
1074604,1,7.63636,2011-09-01,7,0.65096,2011-09-01,7,7.90323,2011-09-29,7,0.82150,2011-09-29,7
1074605,1,7.35484,2011-09-01,7,0.71767,2011-09-01,7,7.01724,2011-09-29,7,0.69522,2011-09-29,7
1074606,1,8.05085,2011-09-01,7,0.73759,2011-09-01,7,7.31034,2011-09-29,7,0.75464,2011-09-29,7
1074607,1,7.68750,2011-09-01,7,0.71096,2011-09-01,7,7.86170,2011-09-29,7,0.66563,2011-09-29,7
1074608,1,8.56338,2011-09-01,7,0.73967,2011-09-01,7,7.66129,2011-09-29,7,0.66399,2011-09-29,7
1074609,1,8.01266,2011-09-01,7,0.71762,2011-09-01,7,7.43636,2011-09-29,7,0.75803,2011-09-29,7
1074610,1,7.79310,2011-09-01,7,0.74340,2011-09-01,7,8.07317,2011-09-29,7,0.81690,2011-09-29,7
1074612,1,8.39744,2011-09-01,7,0.73410,2011-09-01,7,7.17241,2011-09-29,7,0.73061,2011-09-29,7
1074613,1,7.44000,2011-09-01,7,0.71556,2011-09-01,7,7.80000,2011-09-29,7,0.77039,2011-09-29,7
1074614,1,7.76471,2011-09-01,7,0.72327,2011-09-01,7,7.07843,2011-09-29,7,0.77500,2011-09-29,7
1074615,1,7.81967,2011-09-01,7,0.74153,2011-09-01,7,7.25000,2011-09-29,7,0.75758,2011-09-29,7
1074616,1,7.86000,2011-09-01,7,0.74242,2011-09-01,7,7.29126,2011-09-29,7,0.74227,2011-09-29,7
1074617,1,7.04545,2011-09-01,7,0.73481,2011-09-01,7,7.52703,2011-09-29,7,0.79967,2011-09-29,7
1074618,1,7.87500,2011-09-01,7,0.71313,2011-09-01,7,7.11224,2011-09-29,7,0.79233,2011-09-29,7
1074619,1,7.52381,2011-08-29,7,NA,NA,NA,7.18462,2011-09-26,7,0.75992,2011-09-26,7
1074620,1,7.88889,2011-08-29,7,NA,NA,NA,7.55224,2011-09-26,7,0.68062,2011-09-26,7
1074621,1,7.19608,2011-08-29,7,NA,NA,NA,7.21429,2011-09-26,7,0.73885,2011-09-26,7
1074622,1,8.34667,2011-08-29,7,NA,NA,NA,6.78182,2011-09-26,7,0.68683,2011-09-26,7
1074624,1,8.07547,2011-08-29,7,NA,NA,NA,7.53125,2011-09-26,7,0.67747,2011-09-26,7
1074625,1,7.70175,2011-08-29,7,NA,NA,NA,7.67500,2011-09-26,7,0.66253,2011-09-26,7
1074626,1,7.39189,2011-08-29,7,NA,NA,NA,6.96552,2011-09-26,7,0.70183,2011-09-26,7
1074627,1,6.70588,2011-08-29,7,NA,NA,NA,6.41667,2011-09-26,7,0.60606,2011-09-26,7
1074628,1,7.21277,2011-08-29,7,NA,NA,NA,7.25352,2011-09-26,7,0.69811,2011-09-26,7
1074629,1,7.33929,2011-08-29,7,NA,NA,NA,6.87037,2011-09-26,7,0.70759,2011-09-26,7
1074630,1,7.28788,2011-08-29,7,NA,NA,NA,7.05000,2011-09-26,7,0.74845,2011-09-26,7
1074631,1,6.83636,2011-08-29,7,NA,NA,NA,5.95349,2011-09-26,7,0.75532,2011-09-26,7
1074632,1,9.17021,2011-08-29,7,NA,NA,NA,6.34146,2011-09-26,7,0.62040,2011-09-26,7
1074633,1,5.90196,2011-08-29,7,NA,NA,NA,7.33766,2011-09-26,7,0.65154,2011-09-26,7
1074634,1,6.24490,2011-08-29,7,NA,NA,NA,6.28889,2011-09-26,7,0.65565,2011-09-26,7
1074635,1,7.09836,2011-08-29,7,NA,NA,NA,7.08696,2011-09-26,7,0.70352,2011-09-26,7
1074636,1,6.84483,2011-08-29,7,NA,NA,NA,6.80328,2011-09-26,7,0.68472,2011-09-26,7
1074637,1,7.10938,2011-08-29,7,NA,NA,NA,7.06849,2011-09-26,7,0.60685,2011-09-26,7
1074638,1,7.35849,2011-08-29,7,NA,NA,NA,6.70000,2011-09-26,7,0.55882,2011-09-26,7
1074639,1,6.70492,2011-08-29,7,NA,NA,NA,7.29787,2011-09-26,7,0.56923,2011-09-26,7
1074640,1,6.18367,2011-08-29,7,NA,NA,NA,6.59574,2011-09-26,7,0.61593,2011-09-26,7
1074641,1,6.71429,2011-08-29,7,NA,NA,NA,6.75000,2011-09-26,7,0.57280,2011-09-26,7
1074642,1,7.07895,2011-08-29,7,NA,NA,NA,6.93478,2011-09-26,7,0.63341,2011-09-26,7
1074643,1,6.22368,2011-08-29,7,NA,NA,NA,6.91525,2011-09-26,7,0.62433,2011-09-26,7
1074644,1,6.68182,2011-09-01,7,0.69832,2011-09-01,7,9.69333,2011-09-29,7,0.73672,2011-09-29,7
1074645,1,6.70270,2011-09-01,7,0.62242,2011-09-01,7,7.76923,2011-09-29,7,0.67433,2011-09-29,7
1074646,1,7.36364,2011-09-01,7,0.69170,2011-09-01,7,8.22581,2011-09-29,7,0.71565,2011-09-29,7
1074647,1,7.45238,2011-09-01,7,0.63765,2011-09-01,7,8.17391,2011-09-29,7,0.73991,2011-09-29,7
1074648,1,7.19149,2011-09-01,7,0.60000,2011-09-01,7,7.88462,2011-09-29,7,0.76496,2011-09-29,7
1074649,1,7.23810,2011-09-01,7,0.64059,2011-09-01,7,6.49275,2011-09-29,7,0.66491,2011-09-29,7
1074650,1,7.09091,2011-09-01,7,0.62617,2011-09-01,7,7.14433,2011-09-29,7,0.66002,2011-09-29,7
1074651,1,7.04255,2011-09-01,7,0.70471,2011-09-01,7,7.17308,2011-09-29,7,0.67437,2011-09-29,7
1074652,1,7.39024,2011-09-01,7,0.68947,2011-09-01,7,7.27451,2011-09-29,7,0.73903,2011-09-29,7
1074653,1,8.30667,2011-09-01,7,0.74558,2011-09-01,7,8.35714,2011-09-29,7,0.72331,2011-09-29,7
1074654,1,7.45122,2011-09-01,7,0.69697,2011-09-01,7,7.53741,2011-09-29,7,0.75313,2011-09-29,7
1074655,1,7.00000,2011-09-01,7,0.74016,2011-09-01,7,6.74737,2011-09-29,7,0.68507,2011-09-29,7
1074656,1,8.66667,2011-09-01,7,0.77874,2011-09-01,7,8.67123,2011-09-29,7,0.80925,2011-09-29,7
1074657,1,8.32727,2011-09-01,7,0.72482,2011-09-01,7,8.40299,2011-09-29,7,0.80914,2011-09-29,7
1074658,1,8.47552,2011-09-01,7,0.78545,2011-09-01,7,6.96875,2011-09-29,7,0.64746,2011-09-29,7
1074659,1,8.09756,2011-09-01,7,0.75324,2011-09-01,7,6.87500,2011-09-29,7,0.67357,2011-09-29,7
1074661,1,8.04615,2011-09-01,7,0.67552,2011-09-01,7,7.79167,2011-09-29,7,0.75463,2011-09-29,7
1074662,1,8.09639,2011-09-01,7,0.84263,2011-09-01,7,8.00633,2011-09-29,7,0.83673,2011-09-29,7
1074663,1,8.02174,2011-09-01,7,0.71698,2011-09-01,7,6.59406,2011-09-29,7,0.76146,2011-09-29,7
1074664,1,6.94624,2011-09-01,7,0.68696,2011-09-01,7,6.55914,2011-09-29,7,0.70340,2011-09-29,7
1074665,1,8.66434,2011-09-01,7,0.85226,2011-09-01,7,7.38806,2011-09-29,7,0.78967,2011-09-29,7
1074666,1,7.60638,2011-09-01,7,0.71792,2011-09-01,7,6.92045,2011-09-29,7,0.84853,2011-09-29,7
1074667,1,7.23158,2011-09-01,7,0.70476,2011-09-01,7,7.57292,2011-09-29,7,0.77518,2011-09-29,7
1074668,1,8.31288,2011-09-01,7,0.83767,2011-09-01,7,7.28000,2011-09-29,7,NA,NA
1074669,1,7.77895,2011-08-29,7,NA,NA,NA,7.06897,2011-09-26,7,0.66165,2011-09-26,7
1074670,1,8.05495,2011-08-29,7,NA,NA,NA,6.46296,2011-09-26,7,0.70071,2011-09-26,7
1074671,1,7.47761,2011-08-29,7,NA,NA,NA,6.40741,2011-09-26,7,0.70024,2011-09-26,7
1074672,1,7.44828,2011-08-29,7,NA,NA,NA,5.73810,2011-09-26,7,0.61994,2011-09-26,7
1074673,1,7.43038,2011-08-29,7,NA,NA,NA,6.58750,2011-09-26,7,0.65066,2011-09-26,7
1074674,1,7.14894,2011-08-29,7,NA,NA,NA,6.29730,2011-09-26,7,0.67123,2011-09-26,7
1074676,1,7.25974,2011-08-29,7,NA,NA,NA,6.09434,2011-09-26,7,0.62645,2011-09-26,7
1074677,1,7.01818,2011-08-29,7,NA,NA,NA,7.04706,2011-09-26,7,0.79199,2011-09-26,7
1074678,1,7.35294,2011-08-29,7,NA,NA,NA,7.17347,2011-09-26,7,0.72024,2011-09-26,7
1074679,1,7.76923,2011-08-29,7,NA,NA,NA,6.27273,2011-09-26,7,0.67573,2011-09-26,7
1074680,1,7.65455,2011-08-29,7,NA,NA,NA,7.01250,2011-09-26,7,0.71154,2011-09-26,7
1074681,1,7.53571,2011-08-29,7,NA,NA,NA,6.11864,2011-09-26,7,0.60521,2011-09-26,7
1074682,1,6.69149,2011-08-29,7,NA,NA,NA,5.80000,2011-09-26,7,0.53012,2011-09-26,7
1074683,1,6.37363,2011-08-29,7,NA,NA,NA,6.57778,2011-09-26,7,0.60264,2011-09-26,7
1074684,1,7.05310,2011-08-29,7,NA,NA,NA,6.55422,2011-09-26,7,0.59254,2011-09-26,7
1074685,1,8.38202,2011-08-29,7,NA,NA,NA,6.47619,2011-09-26,7,0.51416,2011-09-26,7
1074686,1,7.19178,2011-08-29,7,NA,NA,NA,6.87500,2011-09-26,7,0.64902,2011-09-26,7
1074687,1,6.32394,2011-08-29,7,NA,NA,NA,7.10853,2011-09-26,7,0.71767,2011-09-26,7
1074688,1,6.60811,2011-08-29,7,NA,NA,NA,7.18462,2011-09-26,7,0.59866,2011-09-26,7
1074689,1,6.37805,2011-08-29,7,NA,NA,NA,6.97458,2011-09-26,7,0.59544,2011-09-26,7
1074690,1,7.29808,2011-08-29,7,NA,NA,NA,5.95522,2011-09-26,7,0.54695,2011-09-26,7
1074691,1,8.03960,2011-08-29,7,NA,NA,NA,7.32919,2011-09-26,7,0.77846,2011-09-26,7
1074692,1,6.23944,2011-08-29,7,NA,NA,NA,5.87500,2011-09-26,7,0.50276,2011-09-26,7
1074693,1,6.53226,2011-08-29,7,NA,NA,NA,7.03659,2011-09-26,7,0.51941,2011-09-26,7
1074694,1,6.74576,2011-09-01,7,0.57458,2011-09-01,7,8.58580,2011-09-29,7,0.80629,2011-09-29,7
1074695,1,8.05769,2011-09-01,7,0.66365,2011-09-01,7,6.95455,2011-09-29,7,0.64638,2011-09-29,7
1074696,1,7.66972,2011-09-01,7,0.61820,2011-09-01,7,8.10000,2011-09-29,7,0.78826,2011-09-29,7
1074697,1,7.54902,2011-09-01,7,0.62197,2011-09-01,7,8.02062,2011-09-29,7,0.72912,2011-09-29,7
1074698,1,6.48889,2011-09-01,7,0.64660,2011-09-01,7,5.37500,2011-09-29,7,0.64597,2011-09-29,7
1074699,1,7.04762,2011-09-01,7,0.68897,2011-09-01,7,7.21277,2011-09-29,7,0.68304,2011-09-29,7
1074700,1,7.33803,2011-09-01,7,0.67568,2011-09-01,7,6.25641,2011-09-29,7,0.64976,2011-09-29,7
1074701,1,7.74627,2011-09-01,7,0.67362,2011-09-01,7,7.31429,2011-09-29,7,0.68740,2011-09-29,7
1074702,1,7.21176,2011-09-01,7,0.66248,2011-09-01,7,8.05128,2011-09-29,7,0.80803,2011-09-29,7
1074703,1,8.02516,2011-09-01,7,0.76090,2011-09-01,7,7.50467,2011-09-29,7,0.75000,2011-09-29,7
1074704,1,6.89796,2011-09-01,7,0.62963,2011-09-01,7,6.56250,2011-09-29,7,0.73798,2011-09-29,7
1074705,1,7.73759,2011-09-01,7,0.74451,2011-09-01,7,7.60000,2011-09-29,7,0.79596,2011-09-29,7
1117360,1,8.84615,2011-12-08,7,0.77440,2011-12-08,7,11.00719,2012-01-05,7,0.85181,2012-01-05,7
1117361,1,9.52727,2011-12-08,7,0.76885,2011-12-08,7,9.88298,2012-01-05,7,0.87710,2012-01-05,7
1117362,1,7.38889,2011-12-08,7,0.77009,2011-12-08,7,8.90411,2012-01-05,7,0.86507,2012-01-05,7
1117363,1,9.13559,2011-12-08,7,0.78496,2011-12-08,7,7.89655,2012-01-05,7,0.84626,2012-01-05,7
1117364,1,8.42857,2011-12-08,7,0.71807,2011-12-08,7,8.32895,2012-01-05,7,0.82275,2012-01-05,7
1117365,1,9.02198,2011-12-08,7,0.75805,2011-12-08,7,9.97895,2012-01-05,7,0.87041,2012-01-05,7
1117366,1,8.49180,2011-12-08,7,0.69985,2011-12-08,7,10.17391,2012-01-05,7,0.84626,2012-01-05,7
1117367,1,9.01176,2011-12-08,7,0.72912,2011-12-08,7,9.92929,2012-01-05,7,0.89203,2012-01-05,7
1117369,1,10.62136,2011-12-08,7,0.82652,2011-12-08,7,8.55952,2012-01-05,7,0.78882,2012-01-05,7
1117370,1,8.43103,2011-12-08,7,0.84676,2011-12-08,7,9.76238,2012-01-05,7,0.67403,2012-01-05,7
1117371,1,7.87013,2011-12-08,7,0.78024,2011-12-08,7,9.82692,2012-01-05,7,0.91252,2012-01-05,7
1117372,1,8.09836,2011-12-08,7,0.81086,2011-12-08,7,8.91667,2012-01-05,7,0.82609,2012-01-05,7
1117373,1,8.71622,2011-12-05,7,0.68795,2011-12-05,7,8.13483,2012-01-02,7,0.83333,2012-01-02,7
1117374,1,9.84000,2011-12-05,7,0.78000,2011-12-05,7,8.29577,2012-01-02,7,0.80435,2012-01-02,7
1117375,1,7.86667,2011-12-05,7,0.75550,2011-12-05,7,8.72727,2012-01-02,7,0.80952,2012-01-02,7
1117376,1,8.49254,2011-12-05,7,0.74702,2011-12-05,7,8.65909,2012-01-02,7,0.79858,2012-01-02,7
1117378,1,8.75000,2011-12-05,7,0.73730,2011-12-05,7,7.71429,2012-01-02,7,0.80418,2012-01-02,7
1117379,1,8.70149,2011-12-05,7,0.70300,2011-12-05,7,7.00000,2012-01-02,7,0.82112,2012-01-02,7
1117380,1,8.43182,2011-12-05,7,0.72425,2011-12-05,7,8.89024,2012-01-02,7,0.81078,2012-01-02,7
1117381,1,8.88608,2011-12-05,7,0.73903,2011-12-05,7,8.22353,2012-01-02,7,0.82195,2012-01-02,7
1117382,1,9.03704,2011-12-05,7,0.80370,2011-12-05,7,7.80488,2012-01-02,7,0.83408,2012-01-02,7
1117383,1,7.73016,2011-12-05,7,0.69394,2011-12-05,7,8.60000,2012-01-02,7,0.82370,2012-01-02,7
1117384,1,8.52857,2011-12-05,7,0.73501,2011-12-05,7,7.51613,2012-01-02,7,0.79842,2012-01-02,7
1117385,1,8.95122,2011-12-05,7,0.76978,2011-12-05,7,8.19780,2012-01-02,7,0.79684,2012-01-02,7
1117386,1,8.74603,2011-12-05,7,0.65768,2011-12-05,7,7.68085,2012-01-02,7,0.67382,2012-01-02,7
1117387,1,8.15789,2011-12-05,7,0.70588,2011-12-05,7,9.96591,2012-01-02,7,0.73327,2012-01-02,7
1117388,1,8.31481,2011-12-05,7,0.66275,2011-12-05,7,9.00000,2012-01-02,7,0.71233,2012-01-02,7
1117389,1,8.68182,2011-12-05,7,0.72636,2011-12-05,7,9.72727,2012-01-02,7,0.72241,2012-01-02,7
1117390,1,6.44444,2011-12-05,7,0.58683,2011-12-05,7,7.68254,2012-01-02,7,0.70167,2012-01-02,7
1117391,1,6.24286,2011-12-05,7,0.62735,2011-12-05,7,7.14286,2012-01-02,7,0.64371,2012-01-02,7
1117392,1,7.65957,2011-12-05,7,0.66738,2011-12-05,7,8.31633,2012-01-02,7,0.73313,2012-01-02,7
1117393,1,7.54667,2011-12-05,7,0.66531,2011-12-05,7,7.37778,2012-01-02,7,0.64640,2012-01-02,7
1117394,1,6.74138,2011-12-05,7,0.63793,2011-12-05,7,7.89011,2012-01-02,7,0.67203,2012-01-02,7
1117395,1,7.04255,2011-12-05,7,0.65893,2011-12-05,7,6.98913,2012-01-02,7,0.61154,2012-01-02,7
1117396,1,6.85526,2011-12-05,7,0.61379,2011-12-05,7,9.36620,2012-01-02,7,0.67119,2012-01-02,7
1117397,1,6.40541,2011-12-05,7,0.64620,2011-12-05,7,7.18571,2012-01-02,7,0.65015,2012-01-02,7
1117398,1,8.50746,2011-12-08,7,0.70251,2011-12-08,7,9.84615,2012-01-05,7,0.79038,2012-01-05,7
1117399,1,7.81111,2011-12-08,7,0.73945,2011-12-08,7,11.05882,2012-01-05,7,0.78875,2012-01-05,7
1117400,1,8.17284,2011-12-08,7,0.71552,2011-12-08,7,9.02222,2012-01-05,7,0.78649,2012-01-05,7
1117401,1,9.03947,2011-12-08,7,0.74241,2011-12-08,7,10.55072,2012-01-05,7,0.78266,2012-01-05,7
1117402,1,7.07895,2011-12-08,7,0.65812,2011-12-08,7,10.07353,2012-01-05,7,0.76173,2012-01-05,7
1117403,1,8.98077,2011-12-08,7,0.68823,2011-12-08,7,10.03571,2012-01-05,7,0.78571,2012-01-05,7
1117404,1,8.26415,2011-12-08,7,0.71033,2011-12-08,7,10.42857,2012-01-05,7,0.74538,2012-01-05,7
1117405,1,7.96429,2011-12-08,7,0.65804,2011-12-08,7,11.25000,2012-01-05,7,0.75351,2012-01-05,7
1117406,1,7.56790,2011-12-08,7,0.69452,2011-12-08,7,9.53535,2012-01-05,7,0.78168,2012-01-05,7
1117407,1,7.26882,2011-12-08,7,0.70752,2011-12-08,7,12.43750,2012-01-05,7,0.82805,2012-01-05,7
1117408,1,8.16832,2011-12-08,7,0.67917,2011-12-08,7,10.07407,2012-01-05,7,0.79417,2012-01-05,7
1117409,1,8.75410,2011-12-08,7,0.73906,2011-12-08,7,9.27358,2012-01-05,7,0.74385,2012-01-05,7
1117410,1,7.49275,2011-12-08,7,0.69565,2011-12-08,7,9.50667,2012-01-05,7,0.93275,2012-01-05,7
1117411,1,7.60000,2011-12-08,7,0.71739,2011-12-08,7,8.07273,2012-01-05,7,0.87613,2012-01-05,7
1117412,1,7.53846,2011-12-08,7,0.75000,2011-12-08,7,8.63793,2012-01-05,7,0.87897,2012-01-05,7
1117413,1,7.22222,2011-12-08,7,0.70000,2011-12-08,7,8.34043,2012-01-05,7,0.89610,2012-01-05,7
1117414,1,7.24390,2011-12-08,7,0.71709,2011-12-08,7,8.20000,2012-01-05,7,0.88452,2012-01-05,7
1117416,1,7.24615,2011-12-08,7,0.69048,2011-12-08,7,9.28889,2012-01-05,7,0.86744,2012-01-05,7
1117417,1,7.95522,2011-12-08,7,0.76645,2011-12-08,7,8.13043,2012-01-05,7,0.87118,2012-01-05,7
1117418,1,7.45902,2011-12-08,7,0.69489,2011-12-08,7,7.18367,2012-01-05,7,0.86080,2012-01-05,7
1117419,1,6.95833,2011-12-08,7,0.74609,2011-12-08,7,7.32203,2012-01-05,7,0.91422,2012-01-05,7
1117420,1,7.41791,2011-12-08,7,0.77477,2011-12-08,7,7.60000,2012-01-05,7,0.86463,2012-01-05,7
1117421,1,6.79688,2011-12-08,7,0.72039,2011-12-08,7,8.83333,2012-01-05,7,0.92652,2012-01-05,7
1117422,1,7.01408,2011-12-08,7,0.71167,2011-12-08,7,8.52128,2012-01-05,7,0.81264,2012-01-05,7
1117423,1,7.30909,2011-12-05,7,0.78153,2011-12-05,7,7.33333,2012-01-02,7,0.85895,2012-01-02,7
1117424,1,7.90244,2011-12-05,7,0.89274,2011-12-05,7,6.76768,2012-01-02,7,0.86254,2012-01-02,7
1117425,1,7.61429,2011-12-05,7,0.78608,2011-12-05,7,8.11538,2012-01-02,7,0.88942,2012-01-02,7
1117426,1,8.00000,2011-12-05,7,0.80654,2011-12-05,7,8.20000,2012-01-02,7,0.91525,2012-01-02,7
1117427,1,7.44444,2011-12-05,7,0.76066,2011-12-05,7,7.39394,2012-01-02,7,0.84569,2012-01-02,7
1117428,1,7.24000,2011-12-05,7,0.72897,2011-12-05,7,7.09677,2012-01-02,7,0.80769,2012-01-02,7
1117429,1,7.40964,2011-12-05,7,0.74719,2011-12-05,7,7.50515,2012-01-02,7,0.85850,2012-01-02,7
1117430,1,6.70769,2011-12-05,7,0.76337,2011-12-05,7,6.60563,2012-01-02,7,0.86900,2012-01-02,7
1117432,1,7.86567,2011-12-05,7,0.81851,2011-12-05,7,8.35789,2012-01-02,7,0.81279,2012-01-02,7
1117433,1,7.86250,2011-12-05,7,0.76250,2011-12-05,7,9.30323,2012-01-02,7,0.94493,2012-01-02,7
1117434,1,7.31081,2011-12-05,7,0.76183,2011-12-05,7,7.73077,2012-01-02,7,0.89286,2012-01-02,7
1117435,1,6.74545,2011-12-05,7,0.67957,2011-12-05,7,7.86047,2012-01-02,7,0.91143,2012-01-02,7
1117436,1,7.84783,2011-12-05,7,0.70470,2011-12-05,7,8.06849,2012-01-02,7,0.74032,2012-01-02,7
1117437,1,7.42500,2011-12-05,7,0.71191,2011-12-05,7,8.86170,2012-01-02,7,0.82202,2012-01-02,7
1117438,1,5.85484,2011-12-05,7,0.62708,2011-12-05,7,7.86538,2012-01-02,7,0.70138,2012-01-02,7
1117439,1,7.25333,2011-12-05,7,0.68268,2011-12-05,7,7.80000,2012-01-02,7,0.74236,2012-01-02,7
1117440,1,7.41667,2011-12-05,7,0.73614,2011-12-05,7,8.57812,2012-01-02,7,0.89154,2012-01-02,7
1117441,1,7.14583,2011-12-05,7,0.73935,2011-12-05,7,7.06329,2012-01-02,7,0.70235,2012-01-02,7
1117442,1,6.50000,2011-12-05,7,0.68482,2011-12-05,7,8.08642,2012-01-02,7,0.76127,2012-01-02,7
1117443,1,6.48649,2011-12-05,7,0.68350,2011-12-05,7,6.72727,2012-01-02,7,0.72310,2012-01-02,7
1117444,1,7.20896,2011-12-05,7,0.69218,2011-12-05,7,8.20000,2012-01-02,7,0.75000,2012-01-02,7
1117445,1,5.98246,2011-12-05,7,0.60554,2011-12-05,7,8.31111,2012-01-02,7,0.71522,2012-01-02,7
1117446,1,6.85526,2011-12-05,7,0.69531,2011-12-05,7,7.95082,2012-01-02,7,0.75579,2012-01-02,7
1117447,1,6.56522,2011-12-05,7,0.70914,2011-12-05,7,7.32727,2012-01-02,7,0.68504,2012-01-02,7
1117448,1,8.53409,2011-12-08,7,0.76647,2011-12-08,7,9.70238,2012-01-05,7,0.86817,2012-01-05,7
1117449,1,8.26733,2011-12-08,7,0.73473,2011-12-08,7,11.43636,2012-01-05,7,0.81883,2012-01-05,7
1117450,1,7.08511,2011-12-08,7,0.78356,2011-12-08,7,7.89744,2012-01-05,7,0.78426,2012-01-05,7
1117451,1,7.26667,2011-12-08,7,0.74455,2011-12-08,7,10.00000,2012-01-05,7,0.82174,2012-01-05,7
1117452,1,7.39773,2011-12-08,7,0.70907,2011-12-08,7,8.28846,2012-01-05,7,0.78794,2012-01-05,7
1117453,1,7.17308,2011-12-08,7,0.78676,2011-12-08,7,9.70238,2012-01-05,7,0.76786,2012-01-05,7
1117454,1,7.14286,2011-12-08,7,0.75439,2011-12-08,7,8.50769,2012-01-05,7,0.80131,2012-01-05,7
1117455,1,7.19403,2011-12-08,7,0.72807,2011-12-08,7,9.67742,2012-01-05,7,0.81024,2012-01-05,7
1117456,1,7.79688,2011-12-08,7,0.73854,2011-12-08,7,8.74603,2012-01-05,7,0.81333,2012-01-05,7
1117457,1,6.79070,2011-12-08,7,0.72279,2011-12-08,7,8.86585,2012-01-05,7,0.73714,2012-01-05,7
1117458,1,6.86420,2011-12-08,7,0.71214,2011-12-08,7,8.32895,2012-01-05,7,0.70865,2012-01-05,7
1117459,1,6.82812,2011-12-08,7,0.72008,2011-12-08,7,9.04167,2012-01-05,7,0.76740,2012-01-05,7
1117460,1,8.77778,2011-12-08,7,0.84337,2011-12-08,7,7.90741,2012-01-05,7,0.87559,2012-01-05,7
1117461,1,6.74324,2011-12-08,7,0.71189,2011-12-08,7,7.87500,2012-01-05,7,0.84615,2012-01-05,7
1117462,1,6.38889,2011-12-08,7,0.83983,2011-12-08,7,7.66102,2012-01-05,7,0.85249,2012-01-05,7
1117463,1,7.94595,2011-12-08,7,0.79321,2011-12-08,7,7.16981,2012-01-05,7,0.84935,2012-01-05,7
1117464,1,6.63415,2011-12-08,7,0.76744,2011-12-08,7,7.77419,2012-01-05,7,0.88608,2012-01-05,7
1117466,1,7.62500,2011-12-08,7,0.78869,2011-12-08,7,7.46667,2012-01-05,7,0.84348,2012-01-05,7
1117467,1,7.48649,2011-12-08,7,0.76433,2011-12-08,7,7.85507,2012-01-05,7,0.84464,2012-01-05,7
1117468,1,7.18644,2011-12-08,7,0.72565,2011-12-08,7,7.81429,2012-01-05,7,0.84276,2012-01-05,7
1117469,1,8.92857,2011-12-08,7,0.89157,2011-12-08,7,7.42857,2012-01-05,7,0.83333,2012-01-05,7
1117470,1,7.85714,2011-12-08,7,0.84848,2011-12-08,7,7.94828,2012-01-05,7,0.83784,2012-01-05,7
1117471,1,7.50000,2011-12-08,7,0.82213,2011-12-08,7,7.51020,2012-01-05,7,0.84615,2012-01-05,7
1117472,1,7.34146,2011-12-08,7,0.82278,2011-12-08,7,7.35556,2012-01-05,7,0.84118,2012-01-05,7
1117473,1,9.03448,2011-12-05,7,0.81754,2011-12-05,7,7.43137,2012-01-02,7,0.79227,2012-01-02,7
1117474,1,7.82353,2011-12-05,7,0.85294,2011-12-05,7,7.46809,2012-01-02,7,0.78149,2012-01-02,7
1117475,1,8.51429,2011-12-05,7,0.83228,2011-12-05,7,7.63014,2012-01-02,7,0.77564,2012-01-02,7
1117476,1,6.66667,2011-12-05,7,0.82126,2011-12-05,7,7.36667,2012-01-02,7,0.80421,2012-01-02,7
1117478,1,7.62500,2011-12-05,7,0.78229,2011-12-05,7,7.39583,2012-01-02,7,0.79740,2012-01-02,7
1117479,1,6.70588,2011-12-05,7,0.72119,2011-12-05,7,6.75385,2012-01-02,7,0.79915,2012-01-02,7
1117480,1,8.02564,2011-12-05,7,0.74659,2011-12-05,7,6.29032,2012-01-02,7,0.73874,2012-01-02,7
1117481,1,6.89655,2011-12-05,7,0.74026,2011-12-05,7,6.70213,2012-01-02,7,0.80723,2012-01-02,7
1117482,1,7.23529,2011-12-05,7,0.77656,2011-12-05,7,7.40678,2012-01-02,7,0.75149,2012-01-02,7
1117483,1,8.27273,2011-12-05,7,0.76190,2011-12-05,7,6.37288,2012-01-02,7,0.71558,2012-01-02,7
1117484,1,7.72414,2011-12-05,7,0.78313,2011-12-05,7,6.95082,2012-01-02,7,0.77070,2012-01-02,7
1117485,1,7.90698,2011-12-05,7,0.75959,2011-12-05,7,6.52000,2012-01-02,7,0.75616,2012-01-02,7
1117486,1,6.71875,2011-12-05,7,0.64437,2011-12-05,7,7.34848,2012-01-02,7,0.69371,2012-01-02,7
1117487,1,6.94595,2011-12-05,7,0.60773,2011-12-05,7,7.79545,2012-01-02,7,0.70853,2012-01-02,7
1117488,1,6.65000,2011-12-05,7,0.64943,2011-12-05,7,7.82609,2012-01-02,7,0.65966,2012-01-02,7
1117489,1,7.51282,2011-12-05,7,0.65464,2011-12-05,7,6.44681,2012-01-02,7,0.59397,2012-01-02,7
1117490,1,6.65000,2011-12-05,7,0.67868,2011-12-05,7,7.54054,2012-01-02,7,0.72673,2012-01-02,7
1117491,1,6.98077,2011-12-05,7,0.64792,2011-12-05,7,6.76596,2012-01-02,7,0.69845,2012-01-02,7
1117492,1,6.81395,2011-12-05,7,0.68493,2011-12-05,7,8.43373,2012-01-02,7,0.74970,2012-01-02,7
1117493,1,6.34375,2011-12-05,7,0.62069,2011-12-05,7,6.96364,2012-01-02,7,0.65339,2012-01-02,7
1117494,1,6.14000,2011-12-05,7,0.61928,2011-12-05,7,7.72340,2012-01-02,7,0.74528,2012-01-02,7
1117495,1,6.50000,2011-12-05,7,0.65132,2011-12-05,7,7.16667,2012-01-02,7,0.67496,2012-01-02,7
1117496,1,6.48387,2011-12-05,7,0.67460,2011-12-05,7,7.08824,2012-01-02,7,0.67099,2012-01-02,7
1117497,1,6.34783,2011-12-05,7,0.60000,2011-12-05,7,6.87692,2012-01-02,7,0.68459,2012-01-02,7
1117498,1,7.29630,2011-12-08,7,0.70833,2011-12-08,7,8.68235,2012-01-05,7,0.76107,2012-01-05,7
1117499,1,10.91667,2011-12-08,7,0.71903,2011-12-08,7,8.83673,2012-01-05,7,0.78049,2012-01-05,7
1117500,1,7.38983,2011-12-08,7,0.68174,2011-12-08,7,9.52273,2012-01-05,7,0.77240,2012-01-05,7
1117501,1,7.70667,2011-12-08,7,0.71857,2011-12-08,7,9.29310,2012-01-05,7,0.78084,2012-01-05,7
1117502,1,7.37333,2011-12-08,7,0.72977,2011-12-08,7,8.48000,2012-01-05,7,0.76119,2012-01-05,7
1117503,1,7.14085,2011-12-08,7,0.68232,2011-12-08,7,7.69863,2012-01-05,7,0.73204,2012-01-05,7
1117504,1,6.77049,2011-12-08,7,0.62411,2011-12-08,7,6.17647,2012-01-05,7,0.71159,2012-01-05,7
1117505,1,7.20000,2011-12-08,7,0.68603,2011-12-08,7,7.17949,2012-01-05,7,0.69653,2012-01-05,7
1117506,1,7.00000,2011-12-08,7,0.70992,2011-12-08,7,8.20588,2012-01-05,7,0.74924,2012-01-05,7
1117507,1,6.88333,2011-12-08,7,0.70319,2011-12-08,7,8.59155,2012-01-05,7,0.71485,2012-01-05,7
1117508,1,7.74545,2011-12-08,7,0.73320,2011-12-08,7,9.09333,2012-01-05,7,0.76641,2012-01-05,7
1117509,1,6.95238,2011-12-08,7,0.72534,2011-12-08,7,8.48315,2012-01-05,7,0.71767,2012-01-05,7
1117510,1,9.24590,2011-12-08,7,0.78349,2011-12-08,7,8.05128,2012-01-05,7,0.86207,2012-01-05,7
1117511,1,7.21951,2011-12-08,7,0.78947,2011-12-08,7,7.54688,2012-01-05,7,0.82480,2012-01-05,7
1117512,1,8.36842,2011-12-08,7,0.81159,2011-12-08,7,8.67925,2012-01-05,7,0.86412,2012-01-05,7
1117513,1,7.64062,2011-12-08,7,0.74692,2011-12-08,7,6.85567,2012-01-05,7,0.83163,2012-01-05,7
1117515,1,8.32203,2011-12-08,7,0.72973,2011-12-08,7,7.72414,2012-01-05,7,0.83333,2012-01-05,7
1117516,1,8.64474,2011-12-08,7,0.74583,2011-12-08,7,7.31746,2012-01-05,7,0.83090,2012-01-05,7
1117517,1,6.87324,2011-12-08,7,0.71282,2011-12-08,7,8.55357,2012-01-05,7,0.81977,2012-01-05,7
1117518,1,8.61194,2011-12-08,7,0.72443,2011-12-08,7,7.53846,2012-01-05,7,0.83170,2012-01-05,7
1117519,1,7.97500,2011-12-08,7,0.76230,2011-12-08,7,7.81818,2012-01-05,7,0.85034,2012-01-05,7
1117520,1,8.53226,2011-12-08,7,0.76557,2011-12-08,7,7.16667,2012-01-05,7,0.87264,2012-01-05,7
1117521,1,7.90411,2011-12-08,7,0.71591,2011-12-08,7,7.22642,2012-01-05,7,0.85714,2012-01-05,7
1117522,1,8.48214,2011-12-08,7,0.71624,2011-12-08,7,7.31250,2012-01-05,7,0.86080,2012-01-05,7
1117523,1,8.16667,2011-12-05,7,0.75938,2011-12-05,7,8.36538,2012-01-02,7,0.80294,2012-01-02,7
1117524,1,8.61364,2011-12-05,7,0.77907,2011-12-05,7,8.55224,2012-01-02,7,0.79310,2012-01-02,7
1117525,1,8.31481,2011-12-05,7,0.76108,2011-12-05,7,7.57895,2012-01-02,7,0.77002,2012-01-02,7
1117526,1,8.26866,2011-12-05,7,0.75504,2011-12-05,7,6.52273,2012-01-02,7,0.78387,2012-01-02,7
1117527,1,7.30189,2011-12-05,7,0.76782,2011-12-05,7,8.13636,2012-01-02,7,0.80595,2012-01-02,7
1117528,1,8.46667,2011-12-05,7,0.73976,2011-12-05,7,7.93939,2012-01-02,7,0.83273,2012-01-02,7
1117530,1,7.53191,2011-12-05,7,0.75990,2011-12-05,7,6.53782,2012-01-02,7,0.74379,2012-01-02,7
1117531,1,6.61364,2011-12-05,7,0.74848,2011-12-05,7,7.92473,2012-01-02,7,0.75146,2012-01-02,7
1117532,1,7.26531,2011-12-05,7,0.73270,2011-12-05,7,7.78704,2012-01-02,7,0.79415,2012-01-02,7
1117533,1,7.17308,2011-12-05,7,0.75887,2011-12-05,7,7.71698,2012-01-02,7,0.82599,2012-01-02,7
1117534,1,8.72414,2011-12-05,7,0.75676,2011-12-05,7,6.60317,2012-01-02,7,0.82670,2012-01-02,7
1117535,1,8.02273,2011-12-05,7,0.69910,2011-12-05,7,6.61261,2012-01-02,7,0.75515,2012-01-02,7
1117536,1,6.28571,2011-12-05,7,0.62925,2011-12-05,7,7.59701,2012-01-02,7,0.65579,2012-01-02,7
1117537,1,6.61111,2011-12-05,7,0.67333,2011-12-05,7,8.73684,2012-01-02,7,0.66667,2012-01-02,7
1117538,1,6.96610,2011-12-05,7,0.63196,2011-12-05,7,7.76056,2012-01-02,7,0.67606,2012-01-02,7
1117539,1,6.92593,2011-12-05,7,0.59590,2011-12-05,7,8.23881,2012-01-02,7,0.72388,2012-01-02,7
1117540,1,5.20339,2011-12-05,7,0.60048,2011-12-05,7,7.50000,2012-01-02,7,0.70306,2012-01-02,7
1117541,1,6.73684,2011-12-05,7,0.63006,2011-12-05,7,7.21429,2012-01-02,7,0.68865,2012-01-02,7
1117542,1,5.71951,2011-12-05,7,0.57761,2011-12-05,7,6.39423,2012-01-02,7,0.64855,2012-01-02,7
1117543,1,5.82051,2011-12-05,7,0.54810,2011-12-05,7,8.08750,2012-01-02,7,0.70260,2012-01-02,7
1117544,1,5.82609,2011-12-05,7,0.59200,2011-12-05,7,5.91892,2012-01-02,7,0.59868,2012-01-02,7
1117545,1,5.98276,2011-12-05,7,0.61752,2011-12-05,7,8.89286,2012-01-02,7,0.71290,2012-01-02,7
1117546,1,5.82258,2011-12-05,7,0.57500,2011-12-05,7,8.84000,2012-01-02,7,0.69095,2012-01-02,7
1117547,1,5.61429,2011-12-05,7,0.60261,2011-12-05,7,7.54237,2012-01-02,7,0.70438,2012-01-02,7
1117548,1,8.62745,2011-12-08,7,0.74664,2011-12-08,7,8.95745,2012-01-05,7,0.80865,2012-01-05,7
1117549,1,7.02564,2011-12-08,7,0.70783,2011-12-08,7,8.86301,2012-01-05,7,0.76127,2012-01-05,7
1117550,1,6.70732,2011-12-08,7,0.68521,2011-12-08,7,7.61644,2012-01-05,7,0.74422,2012-01-05,7
1117551,1,6.01695,2011-12-08,7,0.66968,2011-12-08,7,7.86022,2012-01-05,7,0.76134,2012-01-05,7
1117552,1,6.14493,2011-12-08,7,0.65138,2011-12-08,7,7.03509,2012-01-05,7,0.69355,2012-01-05,7
1117553,1,7.36066,2011-12-08,7,0.70163,2011-12-08,7,9.24000,2012-01-05,7,0.80260,2012-01-05,7
1117554,1,7.23188,2011-12-08,7,0.65951,2011-12-08,7,9.48000,2012-01-05,7,0.84574,2012-01-05,7
1117555,1,6.57143,2011-12-08,7,0.69920,2011-12-08,7,8.78788,2012-01-05,7,0.73851,2012-01-05,7
1117556,1,6.57353,2011-12-08,7,0.68784,2011-12-08,7,6.58824,2012-01-05,7,0.71834,2012-01-05,7
1117557,1,6.29412,2011-12-08,7,0.68354,2011-12-08,7,6.87273,2012-01-05,7,0.74083,2012-01-05,7
1117558,1,7.18367,2011-12-08,7,0.70960,2011-12-08,7,7.27473,2012-01-05,7,0.76032,2012-01-05,7
1117559,1,6.36842,2011-12-08,7,0.67105,2011-12-08,7,6.57895,2012-01-05,7,0.73739,2012-01-05,7
1166725,2857,6.88550,2012-03-26,7,0.60661,2012-03-26,7,7.24088,2012-04-23,7,0.84154,2012-04-23,7
1166726,2857,7.04110,2012-03-29,7,0.68266,2012-03-29,7,6.44444,2012-04-26,7,0.78400,2012-04-26,7
1166727,2857,8.26882,2012-03-26,7,0.74779,2012-03-26,7,5.68889,2012-04-23,7,0.84739,2012-04-23,7
1166728,2857,6.89247,2012-03-29,7,0.75482,2012-03-29,7,5.92647,2012-04-26,7,0.87013,2012-04-26,7
1166729,2857,6.60317,2012-03-26,7,0.66353,2012-03-26,7,6.62857,2012-04-23,7,0.67466,2012-04-23,7
1166730,2857,7.35714,2012-03-29,7,0.69171,2012-03-29,7,6.85897,2012-04-26,7,0.77853,2012-04-26,7
1166731,2858,6.95181,2012-03-26,7,0.54828,2012-03-26,7,6.83929,2012-04-23,7,0.76761,2012-04-23,7
1166732,2858,6.88235,2012-03-29,7,0.61501,2012-03-29,7,7.20339,2012-04-26,7,0.75776,2012-04-26,7
1166733,2858,7.22222,2012-03-26,7,0.68881,2012-03-26,7,6.46250,2012-04-23,7,0.74068,2012-04-23,7
1166734,2858,7.61074,2012-03-29,7,0.70207,2012-03-29,7,6.68421,2012-04-26,7,0.83237,2012-04-26,7
1166735,2858,6.15000,2012-03-26,7,0.59244,2012-03-26,7,6.27679,2012-04-23,7,0.63209,2012-04-23,7
1166736,2858,6.80435,2012-03-29,7,0.66667,2012-03-29,7,7.49495,2012-04-26,7,0.71924,2012-04-26,7
1166737,2674,7.22581,2012-03-26,7,0.66782,2012-03-26,7,7.74242,2012-04-23,7,0.75169,2012-04-23,7
1166738,2674,6.81538,2012-03-29,7,0.61264,2012-03-29,7,7.13462,2012-04-26,7,0.82429,2012-04-26,7
1166739,2674,7.85185,2012-03-26,7,0.74297,2012-03-26,7,5.40845,2012-04-23,7,0.76341,2012-04-23,7
1166740,2674,7.11765,2012-03-29,7,0.65823,2012-03-29,7,7.01408,2012-04-26,7,0.84722,2012-04-26,7
1166741,2674,7.39130,2012-03-26,7,0.67742,2012-03-26,7,7.18033,2012-04-23,7,0.75100,2012-04-23,7
1166742,2674,7.41284,2012-03-29,7,0.65695,2012-03-29,7,7.26230,2012-04-26,7,1.53414,2012-04-26,1
1166743,2863,7.98913,2012-03-26,7,0.66357,2012-03-26,7,7.06780,2012-04-23,7,0.65568,2012-04-23,7
1166744,2863,9.08800,2012-03-29,7,0.84532,2012-03-29,7,8.86517,2012-04-26,7,0.78475,2012-04-26,7
1166745,2863,8.61842,2012-03-26,7,0.73106,2012-03-26,7,6.57447,2012-04-23,7,0.80864,2012-04-23,7
1166746,2863,8.69613,2012-03-29,7,0.71363,2012-03-29,7,6.22535,2012-04-26,7,0.89398,2012-04-26,7
1166747,2863,7.28378,2012-03-26,7,0.59923,2012-03-26,7,8.02128,2012-04-23,7,0.72289,2012-04-23,7
1166748,2863,8.80620,2012-03-29,7,0.68318,2012-03-29,7,8.41618,2012-04-26,7,0.77011,2012-04-26,7
1166749,2854,7.05755,2012-03-26,7,0.64079,2012-03-26,7,6.76923,2012-04-23,7,0.90830,2012-04-23,7
1166750,2854,8.36552,2012-03-29,7,0.74633,2012-03-29,7,6.84553,2012-04-26,7,0.71756,2012-04-26,7
1166751,2854,6.82407,2012-03-26,7,0.69197,2012-03-26,7,5.81818,2012-04-23,7,0.76025,2012-04-23,7
1166752,2854,7.32500,2012-03-29,7,0.84146,2012-03-29,7,5.45070,2012-04-26,7,0.67521,2012-04-26,7
1166753,2854,6.63934,2012-03-26,7,0.57429,2012-03-26,7,6.13750,2012-04-23,7,0.55168,2012-04-23,7
1166754,2854,6.79412,2012-03-29,7,0.68088,2012-03-29,7,6.80682,2012-04-26,7,0.73209,2012-04-26,7
1166755,2862,7.50000,2012-03-26,7,0.61523,2012-03-26,7,7.69767,2012-04-23,7,0.71464,2012-04-23,7
1166756,2862,7.73864,2012-03-29,7,0.75541,2012-03-29,7,7.86047,2012-04-26,7,0.78249,2012-04-26,7
1166757,2862,7.67105,2012-03-26,7,0.65504,2012-03-26,7,6.26168,2012-04-23,7,0.69080,2012-04-23,7
1166758,2862,7.19672,2012-03-29,7,0.68727,2012-03-29,7,5.90756,2012-04-26,7,0.83191,2012-04-26,7
1166759,2862,7.36232,2012-03-26,7,0.56645,2012-03-26,7,7.86905,2012-04-23,7,0.79150,2012-04-23,7
1166760,2862,7.07317,2012-03-29,7,0.62095,2012-03-29,7,7.43038,2012-04-26,7,0.82736,2012-04-26,7
1166761,2860,7.45690,2012-03-26,7,0.70065,2012-03-26,7,5.87736,2012-04-23,7,0.65360,2012-04-23,7
1166762,2860,7.45833,2012-03-29,7,0.66028,2012-03-29,7,7.30357,2012-04-26,7,0.76739,2012-04-26,7
1166763,2860,7.56989,2012-03-26,7,0.70311,2012-03-26,7,5.94152,2012-04-23,7,0.81016,2012-04-23,7
1166764,2860,6.47664,2012-03-29,7,0.64895,2012-03-29,7,6.25758,2012-04-26,7,0.87626,2012-04-26,7
1166765,2860,6.98571,2012-03-26,7,0.67799,2012-03-26,7,7.18462,2012-04-23,7,0.71979,2012-04-23,7
1166766,2860,6.68041,2012-03-29,7,0.65595,2012-03-29,7,6.93548,2012-04-26,7,0.77637,2012-04-26,7
1166767,2859,7.52800,2012-03-26,7,0.55738,2012-03-26,7,7.77869,2012-04-23,7,0.78389,2012-04-23,7
1166768,2859,7.53333,2012-03-29,7,0.68213,2012-03-29,7,7.70370,2012-04-26,7,0.73727,2012-04-26,7
1166769,2859,9.24490,2012-03-26,7,0.74884,2012-03-26,7,6.14815,2012-04-23,7,0.72775,2012-04-23,7
1166770,2859,7.60194,2012-03-29,7,0.66798,2012-03-29,7,5.39450,2012-04-26,7,0.82302,2012-04-26,7
1166771,2859,7.88298,2012-03-26,7,0.61737,2012-03-26,7,8.21569,2012-04-23,7,0.67399,2012-04-23,7
1166772,2859,7.74016,2012-03-29,7,0.64947,2012-03-29,7,7.33708,2012-04-26,7,0.69118,2012-04-26,7
1166773,2856,8.48201,2012-03-26,7,0.65327,2012-03-26,7,7.33333,2012-04-23,7,0.69826,2012-04-23,7
1166774,2856,8.58772,2012-03-29,7,0.61088,2012-03-29,7,8.78824,2012-04-26,7,0.79567,2012-04-26,7
1166775,2856,9.33143,2012-03-26,7,0.74274,2012-03-26,7,7.44538,2012-04-23,7,0.81857,2012-04-23,7
1166776,2856,8.86154,2012-03-29,7,0.79348,2012-03-29,7,6.72619,2012-04-26,7,0.85435,2012-04-26,7
1166777,2856,7.24176,2012-03-26,7,0.61207,2012-03-26,7,6.61818,2012-04-23,7,0.59768,2012-04-23,7
1166778,2856,7.16514,2012-03-29,7,0.64865,2012-03-29,7,7.75207,2012-04-26,7,0.73736,2012-04-26,7
1166779,2861,7.70115,2012-03-26,7,0.60290,2012-03-26,7,7.01042,2012-04-23,7,0.67328,2012-04-23,7
1166780,2861,6.48333,2012-03-29,7,0.67975,2012-03-29,7,7.30952,2012-04-26,7,0.73509,2012-04-26,7
1166781,2861,7.36486,2012-03-26,7,0.72573,2012-03-26,7,5.90278,2012-04-23,7,0.79684,2012-04-23,7
1166782,2861,6.88764,2012-03-29,7,0.77976,2012-03-29,7,4.78218,2012-04-26,7,0.76400,2012-04-26,7
1166783,2861,7.32353,2012-03-26,7,0.57105,2012-03-26,7,7.79032,2012-04-23,7,0.67576,2012-04-23,7
1166784,2861,7.39706,2012-03-29,7,0.67442,2012-03-29,7,7.80392,2012-04-26,7,0.79587,2012-04-26,7
1166785,2869,8.53846,2012-03-26,7,0.71664,2012-03-26,7,7.87500,2012-04-23,7,0.73691,2012-04-23,7
1166786,2869,7.00000,2012-03-29,7,0.67742,2012-03-29,7,7.57692,2012-04-26,7,0.74564,2012-04-26,7
1166787,2869,8.18966,2012-03-26,7,0.71465,2012-03-26,7,7.42857,2012-04-23,7,0.78301,2012-04-23,7
1166788,2869,6.83333,2012-03-29,7,0.69884,2012-03-29,7,5.35294,2012-04-26,7,0.74297,2012-04-26,7
1166789,2869,6.62264,2012-03-26,7,0.66741,2012-03-26,7,8.35433,2012-04-23,7,0.72403,2012-04-23,7
1166790,2869,7.63218,2012-03-29,7,0.67644,2012-03-29,7,7.69231,2012-04-26,7,0.84058,2012-04-26,7
1166791,2870,7.01961,2012-03-26,7,0.56512,2012-03-26,7,7.21930,2012-04-23,7,0.73093,2012-04-23,7
1166792,2870,6.65000,2012-03-29,7,0.64449,2012-03-29,7,8.15205,2012-04-26,7,1.12719,2012-04-26,1
1166793,2870,7.44231,2012-03-26,7,0.66337,2012-03-26,7,6.37037,2012-04-23,7,0.79452,2012-04-23,7
1166794,2870,7.14458,2012-03-29,7,0.69293,2012-03-29,7,5.46429,2012-04-26,7,0.88863,2012-04-26,7
1166795,2870,6.80612,2012-03-26,7,0.61447,2012-03-26,7,6.52381,2012-04-23,7,0.63620,2012-04-23,7
1166796,2870,8323.52941,2012-03-29,3,917.52918,2012-03-29,1,7.38043,2012-04-26,7,0.76732,2012-04-26,7
1166797,2875,7.39744,2012-03-26,7,0.58091,2012-03-26,7,7.76404,2012-04-23,7,0.64592,2012-04-23,7
1166798,2875,8.13924,2012-03-29,7,0.62946,2012-03-29,7,8.24051,2012-04-26,7,0.69756,2012-04-26,7
1166799,2875,7.46479,2012-03-26,7,0.72512,2012-03-26,7,6.32787,2012-04-23,7,0.81047,2012-04-23,7
1166800,2875,7.96000,2012-03-29,7,0.69693,2012-03-29,7,5.64384,2012-04-26,7,0.75333,2012-04-26,7
1166801,2875,7.34188,2012-03-26,7,0.63801,2012-03-26,7,7.09774,2012-04-23,7,0.55816,2012-04-23,7
1166802,2875,8.25000,2012-03-29,7,0.67592,2012-03-29,7,7.83824,2012-04-26,7,0.70561,2012-04-26,7
1166803,2868,6.83007,2012-03-26,7,0.56171,2012-03-26,7,7.58716,2012-04-23,7,0.69238,2012-04-23,7
1166804,2868,8.11719,2012-03-29,7,0.66887,2012-03-29,7,7.46067,2012-04-26,7,0.68862,2012-04-26,7
1166805,2868,8.97183,2012-03-26,7,0.78502,2012-03-26,7,7.44654,2012-04-23,7,0.80078,2012-04-23,7
1166806,2868,8.38372,2012-03-29,7,0.73495,2012-03-29,7,6.09877,2012-04-26,7,0.82932,2012-04-26,7
1166807,2868,6.29545,2012-03-26,7,0.56416,2012-03-26,7,8.10924,2012-04-23,7,0.70559,2012-04-23,7
1166808,2868,7.84444,2012-03-29,7,0.66667,2012-03-29,7,8.35897,2012-04-26,7,0.72935,2012-04-26,7
1166809,2865,7.47222,2012-03-26,7,0.58494,2012-03-26,7,7.28346,2012-04-23,7,0.69816,2012-04-23,7
1166810,2865,7.28571,2012-03-29,7,0.60970,2012-03-29,7,6.64000,2012-04-26,7,0.73693,2012-04-26,7
1166811,2865,7.29545,2012-03-26,7,0.69598,2012-03-26,7,7.26087,2012-04-23,7,0.80000,2012-04-23,7
1166812,2865,8.12791,2012-03-29,7,0.80658,2012-03-29,7,7.71698,2012-04-26,7,0.89447,2012-04-26,7
1166813,2865,7.41250,2012-03-26,7,0.57705,2012-03-26,7,6.49333,2012-04-23,7,0.62330,2012-04-23,7
1166814,2865,7.40323,2012-03-29,7,0.61646,2012-03-29,7,7.55405,2012-04-26,7,0.72388,2012-04-26,7
1166815,2874,6.96104,2012-03-26,7,0.65759,2012-03-26,7,7.25882,2012-04-23,7,0.73379,2012-04-23,7
1166816,2874,7.21739,2012-03-29,7,0.65416,2012-03-29,7,7.06349,2012-04-26,7,0.74175,2012-04-26,7
1166817,2874,7.16667,2012-03-26,7,0.73836,2012-03-26,7,6.04545,2012-04-23,7,0.79144,2012-04-23,7
1166818,2874,6.44828,2012-03-29,7,0.67738,2012-03-29,7,7.11790,2012-04-26,7,0.87508,2012-04-26,7
1166819,2874,6.50485,2012-03-26,7,0.56700,2012-03-26,7,7.98246,2012-04-23,7,0.78116,2012-04-23,7
1166820,2874,6.51429,2012-03-29,7,0.64874,2012-03-29,7,6.68852,2012-04-26,7,0.71694,2012-04-26,7
1166821,2872,6.78322,2012-03-26,7,0.72227,2012-03-26,7,7.40517,2012-04-23,7,0.82190,2012-04-23,7
1166822,2872,6.26250,2012-03-29,7,0.67576,2012-03-29,7,6.83929,2012-04-26,7,0.65400,2012-04-26,7
1166823,2872,7.07634,2012-03-26,7,0.63325,2012-03-26,7,7.64789,2012-04-23,7,0.82087,2012-04-23,7
1166824,2872,7.13978,2012-03-29,7,0.72554,2012-03-29,7,5.77778,2012-04-26,7,0.79403,2012-04-26,7
1166825,2872,6.83221,2012-03-26,7,0.79725,2012-03-26,7,7.81507,2012-04-23,7,0.71122,2012-04-23,7
1166826,2872,6.92929,2012-03-29,7,0.68655,2012-03-29,7,5.84810,2012-04-26,7,0.72952,2012-04-26,7
1166827,2873,7.26531,2012-03-26,7,0.65458,2012-03-26,7,6.52941,2012-04-23,7,0.75632,2012-04-23,7
1166828,2873,7.74390,2012-03-29,7,0.66627,2012-03-29,7,7.93396,2012-04-26,7,0.76883,2012-04-26,7
1166829,2873,7.72650,2012-03-26,7,0.86436,2012-03-26,7,6.75188,2012-04-23,7,0.85379,2012-04-23,7
1166830,2873,6.86538,2012-03-29,7,0.68004,2012-03-29,7,9.83784,2012-04-26,7,0.96746,2012-04-26,7
1166831,2873,7.58896,2012-03-26,7,0.80149,2012-03-26,7,7.29078,2012-04-23,7,0.74102,2012-04-23,7
1166832,2873,7.47475,2012-03-29,7,0.69297,2012-03-29,7,7.38961,2012-04-26,7,0.90358,2012-04-26,7
1166833,2876,7.81579,2012-03-26,7,0.80560,2012-03-26,7,6.92727,2012-04-23,7,0.69658,2012-04-23,7
1166834,2876,7.45312,2012-03-29,7,0.62293,2012-03-29,7,6.83784,2012-04-26,7,0.72120,2012-04-26,7
1166835,2876,7.09091,2012-03-26,7,0.67000,2012-03-26,7,6.07692,2012-04-23,7,0.79710,2012-04-23,7
1166836,2876,7.56552,2012-03-29,7,0.74028,2012-03-29,7,4.97917,2012-04-26,7,0.84327,2012-04-26,7
1166837,2876,7.14679,2012-03-26,7,0.79952,2012-03-26,7,6.86957,2012-04-23,7,0.64286,2012-04-23,7
1166838,2876,7.80263,2012-03-29,7,0.67937,2012-03-29,7,7.27419,2012-04-26,7,0.73535,2012-04-26,7
1166840,2867,5.60215,2012-03-26,7,0.59860,2012-03-26,7,8.11364,2012-04-23,7,0.68043,2012-04-23,7
1166841,2866,7.18293,2012-03-26,7,0.64177,2012-03-26,7,7.61194,2012-04-23,7,0.74204,2012-04-23,7
1166842,2866,7.54651,2012-03-29,7,0.63544,2012-03-29,7,8.30097,2012-04-26,7,0.80947,2012-04-26,7
1166843,2866,7.79208,2012-03-26,7,0.70287,2012-03-26,7,5.74860,2012-04-23,7,0.82205,2012-04-23,7
1166844,2866,6.45000,2012-03-29,7,0.68125,2012-03-29,7,5.60177,2012-04-26,7,0.87248,2012-04-26,7
1166845,2866,7.30097,2012-03-26,7,0.60882,2012-03-26,7,7.12500,2012-04-23,7,0.67021,2012-04-23,7
1166846,2866,7.46809,2012-03-29,7,0.69091,2012-03-29,7,6.66055,2012-04-26,7,0.74607,2012-04-26,7
1166847,2864,7.46667,2012-03-26,7,0.62783,2012-03-26,7,8.90244,2012-04-23,7,0.91698,2012-04-23,7
1166848,2864,9.73973,2012-03-29,7,0.75832,2012-03-29,7,8.09524,2012-04-26,7,0.75731,2012-04-26,7
1166849,2864,8.37879,2012-03-26,7,0.73343,2012-03-26,7,6.57333,2012-04-23,7,0.80385,2012-04-23,7
1166850,2864,8.81868,2012-03-29,7,0.82159,2012-03-29,7,6.24823,2012-04-26,7,0.92154,2012-04-26,7
1166851,2864,8.94974,2012-03-26,7,0.86074,2012-03-26,7,8.14679,2012-04-23,7,0.81571,2012-04-23,7
1166852,2864,8.62385,2012-03-29,7,0.64519,2012-03-29,7,8.29474,2012-04-26,7,0.85767,2012-04-26,7
1166853,2673,5.93939,2012-03-26,7,0.54821,2012-03-26,7,6.80189,2012-04-23,7,0.71263,2012-04-23,7
1166854,2673,7.90000,2012-03-29,7,0.67587,2012-03-29,7,7.90805,2012-04-26,7,0.81547,2012-04-26,7
1166855,2673,8.08000,2012-03-26,7,0.74432,2012-03-26,7,6.04545,2012-04-23,7,0.76684,2012-04-23,7
1166856,2673,7.69333,2012-03-29,7,0.71714,2012-03-29,7,6.06383,2012-04-26,7,0.75796,2012-04-26,7
1166857,2673,7.23958,2012-03-26,7,0.80511,2012-03-26,7,6.90196,2012-04-23,7,0.77378,2012-04-23,7
1166858,2673,7.48437,2012-03-29,7,0.71737,2012-03-29,7,7.05102,2012-04-26,7,0.81680,2012-04-26,7
1166859,2871,6.82609,2012-03-26,7,0.59292,2012-03-26,7,5.98851,2012-04-23,7,0.64970,2012-04-23,7
1166860,2871,7.16456,2012-03-29,7,0.63660,2012-03-29,7,6.25325,2012-04-26,7,0.78850,2012-04-26,7
1166861,2871,6.50515,2012-03-26,7,0.66750,2012-03-26,7,5.37500,2012-04-23,7,0.96906,2012-04-23,7
1166862,2871,5.74603,2012-03-29,7,0.74378,2012-03-29,7,5.09901,2012-04-26,7,0.81336,2012-04-26,7
1166863,2871,6.59375,2012-03-26,7,0.57556,2012-03-26,7,7.16814,2012-04-23,7,0.67278,2012-04-23,7
1166864,2871,7.39683,2012-03-29,7,0.67617,2012-03-29,7,6.48611,2012-04-26,7,0.68696,2012-04-26,7
1166865,2855,7.06338,2012-03-26,7,0.61898,2012-03-26,7,6.99029,2012-04-23,7,0.76456,2012-04-23,7
1166866,2855,8.06289,2012-03-29,7,0.73160,2012-03-29,7,6.92000,2012-04-26,7,0.73540,2012-04-26,7
1166867,2855,7.75309,2012-03-26,7,0.71410,2012-03-26,7,5.92405,2012-04-23,7,0.76275,2012-04-23,7
1166868,2855,6.97468,2012-03-29,7,0.68805,2012-03-29,7,5.21212,2012-04-26,7,0.78977,2012-04-26,7
1166869,2855,8.60396,2012-03-26,7,0.72385,2012-03-26,7,6.44186,2012-04-23,7,0.70270,2012-04-23,7
1166870,2855,7.04255,2012-03-29,7,0.68187,2012-03-29,7,6.86441,2012-04-26,7,0.88041,2012-04-26,7
1166871,2878,7.95327,2012-03-26,7,0.65092,2012-03-26,7,8.24242,2012-04-23,7,0.71237,2012-04-23,7
1166872,2878,7.92958,2012-03-29,7,0.64146,2012-03-29,7,7.88060,2012-04-26,7,0.74959,2012-04-26,7
1166873,2878,7.92157,2012-03-26,7,0.66730,2012-03-26,7,5.88785,2012-04-23,7,0.79242,2012-04-23,7
1166874,2878,8.47399,2012-03-29,7,0.82567,2012-03-29,7,5.14286,2012-04-26,7,0.79873,2012-04-26,7
1166875,2878,7.63529,2012-03-26,7,0.63300,2012-03-26,7,8.03922,2012-04-23,7,0.68972,2012-04-23,7
1166876,2878,7.85841,2012-03-29,7,0.66810,2012-03-29,7,7.23729,2012-04-26,7,0.75410,2012-04-26,7
1166877,2879,7.47872,2012-03-26,7,0.59882,2012-03-26,7,7.56364,2012-04-23,7,0.67225,2012-04-23,7
1166878,2879,8.12150,2012-03-29,7,0.82736,2012-03-29,7,8.53333,2012-04-26,7,0.82723,2012-04-26,7
1166879,2879,8.45395,2012-03-26,7,0.89353,2012-03-26,7,6.36232,2012-04-23,7,0.80786,2012-04-23,7
1166880,2879,6.97468,2012-03-29,7,0.69926,2012-03-29,7,8.11628,2012-04-26,7,0.89736,2012-04-26,7
1166881,2879,7.79412,2012-03-26,7,0.68955,2012-03-26,7,7.09890,2012-04-23,7,0.63501,2012-04-23,7
1166882,2879,7.24510,2012-03-29,7,0.65266,2012-03-29,7,7.73196,2012-04-26,7,0.79440,2012-04-26,7
1166883,2877,7.26573,2012-03-26,7,0.59773,2012-03-26,7,7.70370,2012-04-23,7,0.71260,2012-04-23,7
1166884,2877,7.53409,2012-03-29,7,0.63818,2012-03-29,7,7.56701,2012-04-26,7,0.84933,2012-04-26,7
1166885,2877,7.11364,2012-03-26,7,0.66311,2012-03-26,7,6.63235,2012-04-23,7,0.84735,2012-04-23,7
1166886,2877,7.34483,2012-03-29,7,0.72299,2012-03-29,7,7.43689,2012-04-26,7,0.85328,2012-04-26,7
1166887,2877,7.58475,2012-03-26,7,0.54603,2012-03-26,7,7.72180,2012-04-23,7,0.72097,2012-04-23,7
1166888,2877,8.53409,2012-03-29,7,0.67584,2012-03-29,7,6.95652,2012-04-26,7,0.81548,2012-04-26,7
1166889,2881,7.28302,2012-03-26,7,0.61705,2012-03-26,7,8.11728,2012-04-23,7,0.77800,2012-04-23,7
1166890,2881,7.24638,2012-03-29,7,0.69015,2012-03-29,7,7.06316,2012-04-26,7,0.79668,2012-04-26,7
1166891,2881,6.97701,2012-03-26,7,0.70652,2012-03-26,7,6.32990,2012-04-23,7,0.84202,2012-04-23,7
1166892,2881,6.90141,2012-03-29,7,0.72241,2012-03-29,7,6.67391,2012-04-26,7,0.91365,2012-04-26,7
1166893,2881,6.54545,2012-03-26,7,0.61335,2012-03-26,7,7.87705,2012-04-23,7,0.66959,2012-04-23,7
1166894,2881,7.67961,2012-03-29,7,0.65028,2012-03-29,7,7.56790,2012-04-26,7,0.81221,2012-04-26,7
1166895,2880,7.35714,2012-03-26,7,0.62500,2012-03-26,7,7.90909,2012-04-23,7,0.79373,2012-04-23,7
1166896,2880,7.41096,2012-03-29,7,0.74880,2012-03-29,7,6.81967,2012-04-26,7,0.75532,2012-04-26,7
1166897,2880,7.66265,2012-03-26,7,0.87087,2012-03-26,7,6.88406,2012-04-23,7,0.85835,2012-04-23,7
1166898,2880,7.16667,2012-03-29,7,0.69811,2012-03-29,7,5.74074,2012-04-26,7,0.81013,2012-04-26,7
1166899,2880,8.60833,2012-03-26,7,0.65826,2012-03-26,7,6.93750,2012-04-23,7,0.70025,2012-04-23,7
1166900,2880,6.48387,2012-03-29,7,0.67460,2012-03-29,7,6.34247,2012-04-26,7,0.79430,2012-04-26,7
1166901,2882,7.83333,2012-03-26,7,0.60967,2012-03-26,7,6.62651,2012-04-23,7,0.61936,2012-04-23,7
1166902,2882,6.48750,2012-03-29,7,0.57386,2012-03-29,7,7.79259,2012-04-26,7,0.73301,2012-04-26,7
1166903,2882,6.26027,2012-03-26,7,0.66207,2012-03-26,7,6.53571,2012-04-23,7,0.72770,2012-04-23,7
1166904,2882,10.86957,2012-03-29,7,0.73415,2012-03-29,7,5.77358,2012-04-26,7,0.87241,2012-04-26,7
1166905,2882,7.39252,2012-03-26,7,0.59170,2012-03-26,7,6.18367,2012-04-23,7,0.71148,2012-04-23,7
1166906,2882,7.62992,2012-03-29,7,0.60882,2012-03-29,7,7.46154,2012-04-26,7,0.80438,2012-04-26,7
1166907,1,8.60825,2012-03-26,7,0.69036,2012-03-26,7,8.44681,2012-04-23,7,0.79007,2012-04-23,7
1166908,1,8.85185,2012-03-29,7,0.71670,2012-03-29,7,7.70513,2012-04-26,7,0.76912,2012-04-26,7
1166909,1,8.53398,2012-03-26,7,0.74759,2012-03-26,7,6.71186,2012-04-23,7,0.82598,2012-04-23,7
1166910,1,8.69412,2012-03-29,7,0.72991,2012-03-29,7,6.66667,2012-04-26,7,0.80792,2012-04-26,7
1166911,1,7.42353,2012-03-26,7,0.62400,2012-03-26,7,8.43860,2012-04-23,7,0.90405,2012-04-23,7
1166912,1,7.55372,2012-03-29,7,0.64735,2012-03-29,7,9.26364,2012-04-26,7,0.81818,2012-04-26,7
1166913,2675,6.86022,2012-03-26,7,0.64269,2012-03-26,7,7.55000,2012-04-23,7,0.70053,2012-04-23,7
1166914,2675,6.81132,2012-03-29,7,0.64435,2012-03-29,7,7.83019,2012-04-26,7,0.79912,2012-04-26,7
1166915,2675,7.20755,2012-03-26,7,0.70450,2012-03-26,7,7.31081,2012-04-23,7,0.72741,2012-04-23,7
1166916,2675,6.45333,2012-03-29,7,0.71880,2012-03-29,7,6.97619,2012-04-26,7,0.79683,2012-04-26,7
1166917,2675,6.34375,2012-03-26,7,0.55429,2012-03-26,7,7.30189,2012-04-23,7,0.93296,2012-04-23,7
1166918,2675,6.50000,2012-03-29,7,0.65428,2012-03-29,7,6.70370,2012-04-26,7,0.76872,2012-04-26,7
1166919,2870,6.73239,2012-03-26,7,0.59071,2012-03-26,7,5.37143,2012-04-23,7,0.69863,2012-04-23,7
1166920,2870,8.79602,2012-03-29,7,0.80112,2012-03-29,7,5.42373,2012-04-26,7,0.84740,2012-04-26,7
1166921,2870,7.13636,2012-03-26,7,0.73770,2012-03-26,7,6.48750,2012-04-23,7,0.86078,2012-04-23,7
1166922,2870,7.80808,2012-03-29,7,0.73581,2012-03-29,7,7.42647,2012-04-26,7,0.88462,2012-04-26,7
1166923,2870,7.10078,2012-03-26,7,0.66358,2012-03-26,7,6.45455,2012-04-23,7,0.57508,2012-04-23,7
1166924,2870,8.18857,2012-03-29,7,0.75920,2012-03-29,7,7.49296,2012-04-26,7,0.76451,2012-04-26,7
1166925,2875,7.15068,2012-03-26,7,0.55776,2012-03-26,7,6.73770,2012-04-23,7,0.79186,2012-04-23,7
1166926,2875,8.19178,2012-03-29,7,0.67222,2012-03-29,7,5.36190,2012-04-26,7,0.86415,2012-04-26,7
1166927,2875,7.62319,2012-03-26,7,0.65661,2012-03-26,7,6.31373,2012-04-23,7,0.80896,2012-04-23,7
1166928,2875,7.45000,2012-03-29,7,0.77594,2012-03-29,7,8.00000,2012-04-26,7,0.91546,2012-04-26,7
1166929,2875,7.71631,2012-03-26,7,0.62591,2012-03-26,7,6.82243,2012-04-23,7,0.59962,2012-04-23,7
1166930,2875,8.35507,2012-03-29,7,0.71986,2012-03-29,7,8.40278,2012-04-26,7,0.83805,2012-04-26,7
1166931,2868,7.78378,2012-03-26,7,0.63065,2012-03-26,7,7.64815,2012-04-23,7,0.78901,2012-04-23,7
1166932,2868,8.42268,2012-03-29,7,0.74150,2012-03-29,7,5.30392,2012-04-26,7,0.74915,2012-04-26,7
1166933,2868,7.58261,2012-03-26,7,0.78690,2012-03-26,7,7.09091,2012-04-23,7,0.77457,2012-04-23,7
1166934,2868,7.93443,2012-03-29,7,0.70618,2012-03-29,7,8.50588,2012-04-26,7,0.88366,2012-04-26,7
1166935,2868,6.88235,2012-03-26,7,0.64516,2012-03-26,7,7.48810,2012-04-23,7,0.65036,2012-04-23,7
1166936,2868,7.51765,2012-03-29,7,0.63678,2012-03-29,7,7.84112,2012-04-26,7,0.73127,2012-04-26,7
1166937,2865,8.21212,2012-03-26,7,0.63978,2012-03-26,7,6.77451,2012-04-23,7,0.84626,2012-04-23,7
1166938,2865,7.23913,2012-03-29,7,0.70257,2012-03-29,7,5.45763,2012-04-26,7,0.81424,2012-04-26,7
1166939,2865,8.18072,2012-03-26,7,0.77302,2012-03-26,7,6.37879,2012-04-23,7,0.91731,2012-04-23,7
1166940,2865,9.61039,2012-03-29,7,1.01687,2012-03-29,1,5.24675,2012-04-26,7,0.81343,2012-04-26,7
1166941,2865,7.71429,2012-03-26,7,0.62995,2012-03-26,7,7.10256,2012-04-23,7,0.52889,2012-04-23,7
1166942,2865,8.17105,2012-03-29,7,0.73450,2012-03-29,7,7.98113,2012-04-26,7,0.80610,2012-04-26,7
1166943,2874,7.62195,2012-03-26,7,0.71447,2012-03-26,7,6.88235,2012-04-23,7,0.81633,2012-04-23,7
1166944,2874,6.86538,2012-03-29,7,0.71429,2012-03-29,7,5.81609,2012-04-26,7,0.68241,2012-04-26,7
1166945,2874,7.97468,2012-03-26,7,0.79509,2012-03-26,7,7.45161,2012-04-23,7,0.83857,2012-04-23,7
1166946,2874,7.84000,2012-03-29,7,0.79658,2012-03-29,7,5.94286,2012-04-26,7,0.83710,2012-04-26,7
1166947,2874,6.78049,2012-03-26,7,0.61399,2012-03-26,7,6.52830,2012-04-23,7,0.68779,2012-04-23,7
1166948,2874,7.62281,2012-03-29,7,0.63180,2012-03-29,7,7.25000,2012-04-26,7,0.79114,2012-04-26,7
1166949,2872,6.29808,2012-03-26,7,0.63116,2012-03-26,7,5.79775,2012-04-23,7,0.81958,2012-04-23,7
1166950,2872,4.72222,2012-03-29,7,0.65526,2012-03-29,7,6.88136,2012-04-26,7,0.85258,2012-04-26,7
1166951,2872,6.55882,2012-03-26,7,0.68727,2012-03-26,7,5.33333,2012-04-23,7,0.76557,2012-04-23,7
1166952,2872,7.12844,2012-03-29,7,0.82367,2012-03-29,7,7.58209,2012-04-26,7,0.90184,2012-04-26,7
1166953,2872,6.61983,2012-03-26,7,0.60823,2012-03-26,7,7.21296,2012-04-23,7,0.71842,2012-04-23,7
1166954,2872,7.50388,2012-03-29,7,0.71648,2012-03-29,7,8.88136,2012-04-26,7,0.66714,2012-04-26,7
1166955,2873,8.09184,2012-03-26,7,0.84447,2012-03-26,7,5.83333,2012-04-23,7,0.78555,2012-04-23,7
1166956,2873,6.87500,2012-03-29,7,0.71310,2012-03-29,7,7.28302,2012-04-26,7,0.86494,2012-04-26,7
1166957,2873,7.49524,2012-03-26,7,0.73255,2012-03-26,7,6.40385,2012-04-23,7,0.87358,2012-04-23,7
1166958,2873,6.94406,2012-03-29,7,0.76165,2012-03-29,7,7.12230,2012-04-26,7,0.88924,2012-04-26,7
1166959,2873,7.93043,2012-03-26,7,0.67257,2012-03-26,7,6.19277,2012-04-23,7,0.71714,2012-04-23,7
1166960,2873,7.72917,2012-03-29,7,0.73857,2012-03-29,7,5.83178,2012-04-26,7,0.84477,2012-04-26,7
1166961,2876,7.60494,2012-03-26,7,0.71620,2012-03-26,7,5.78205,2012-04-23,7,0.77547,2012-04-23,7
1166962,2876,7.43939,2012-03-29,7,0.76029,2012-03-29,7,4.81818,2012-04-26,7,0.75506,2012-04-26,7
1166963,2876,6.97531,2012-03-26,7,0.79475,2012-03-26,7,6.26984,2012-04-23,7,0.80193,2012-04-23,7
1166964,2876,6.67677,2012-03-29,7,0.76776,2012-03-29,7,5.46512,2012-04-26,7,0.85333,2012-04-26,7
1166965,2876,6.98667,2012-03-26,7,0.59867,2012-03-26,7,6.83721,2012-04-23,7,0.67838,2012-04-23,7
1166966,2876,8.23478,2012-03-29,7,0.72791,2012-03-29,7,7.25000,2012-04-26,7,0.77320,2012-04-26,7
1166973,2867,7.46847,2012-03-29,7,0.68121,2012-03-29,7,8.09459,2012-04-26,7,0.75000,2012-04-26,7
1166974,2867,8.24510,2012-03-26,7,0.75102,2012-03-26,7,5.17722,2012-04-23,7,0.79710,2012-04-23,7
1166975,2867,6.63934,2012-03-29,7,0.69215,2012-03-29,7,5.53030,2012-04-26,7,0.83403,2012-04-26,7
1166976,2867,6.52055,2012-03-26,7,0.55055,2012-03-26,7,6.77037,2012-04-23,7,0.84125,2012-04-23,7
1166977,2867,6.91379,2012-03-29,7,0.62194,2012-03-29,7,6.76923,2012-04-26,7,0.73964,2012-04-26,7
1166978,2867,7.12903,2012-03-26,7,0.64626,2012-03-26,7,5.47500,2012-04-23,7,0.72470,2012-04-23,7
1166979,2866,7.85542,2012-03-26,7,0.74379,2012-03-26,7,6.98551,2012-04-23,7,0.73227,2012-04-23,7
1166980,2866,6.80519,2012-03-29,7,0.72097,2012-03-29,7,5.12963,2012-04-26,7,0.83521,2012-04-26,7
1166981,2866,7.18750,2012-03-26,7,0.84535,2012-03-26,7,5.91597,2012-04-23,7,0.75679,2012-04-23,7
1166982,2866,8.01571,2012-03-29,7,0.85133,2012-03-29,7,4.80597,2012-04-26,7,0.81210,2012-04-26,7
1166983,2866,7.04494,2012-03-26,7,0.60045,2012-03-26,7,6.98413,2012-04-23,7,0.67082,2012-04-23,7
1166984,2866,7.55046,2012-03-29,7,0.68065,2012-03-29,7,6.82143,2012-04-26,7,0.70870,2012-04-26,7
1166985,2864,8.16197,2012-03-26,7,0.72799,2012-03-26,7,7.20548,2012-04-23,7,0.84045,2012-04-23,7
1166986,2864,7.01282,2012-03-29,7,0.65229,2012-03-29,7,6.76190,2012-04-26,7,0.78571,2012-04-26,7
1166987,2864,7.49275,2012-03-26,7,0.73083,2012-03-26,7,6.55556,2012-04-23,7,0.86580,2012-04-23,7
1166988,2864,7.94949,2012-03-29,7,0.75604,2012-03-29,7,5.61386,2012-04-26,7,0.93387,2012-04-26,7
1166989,2864,8.57576,2012-03-26,7,0.79239,2012-03-26,7,8.14286,2012-04-23,7,0.72751,2012-04-23,7
1166990,2864,9.34857,2012-03-29,7,0.72470,2012-03-29,7,9.13924,2012-04-26,7,0.83182,2012-04-26,7
1166991,2673,7.02727,2012-03-26,7,0.75599,2012-03-26,7,6.82716,2012-04-23,7,0.77377,2012-04-23,7
1166992,2673,7.89362,2012-03-29,7,0.69603,2012-03-29,7,5.26744,2012-04-26,7,0.78755,2012-04-26,7
1166993,2673,7.04494,2012-03-26,7,0.67503,2012-03-26,7,5.68817,2012-04-23,7,0.78136,2012-04-23,7
1166994,2673,6.50000,2012-03-29,7,0.67283,2012-03-29,7,5.13889,2012-04-26,7,0.66075,2012-04-26,7
1166995,2673,6.65432,2012-03-26,7,0.64326,2012-03-26,7,7.03846,2012-04-23,7,0.68960,2012-04-23,7
1166996,2673,7.48387,2012-03-29,7,0.75070,2012-03-29,7,7.20588,2012-04-26,7,0.83730,2012-04-26,7
1166997,2871,7.21053,2012-03-26,7,0.57449,2012-03-26,7,5.86957,2012-04-23,7,0.73203,2012-04-23,7
1166998,2871,6.65217,2012-03-29,7,0.66102,2012-03-29,7,6.10256,2012-04-26,7,0.83264,2012-04-26,7
1166999,2871,6.22535,2012-03-26,7,0.68831,2012-03-26,7,5.89333,2012-04-23,7,0.76939,2012-04-23,7
1167000,2871,6.64220,2012-03-29,7,0.76114,2012-03-29,7,6.03797,2012-04-26,7,0.77282,2012-04-26,7
1167001,2871,6.65333,2012-03-26,7,0.57687,2012-03-26,7,6.77551,2012-04-23,7,0.69877,2012-04-23,7
1167002,2871,7.25641,2012-03-29,7,0.72908,2012-03-29,7,5.15625,2012-04-26,7,0.73684,2012-04-26,7
1167003,2855,7.56180,2012-03-26,7,0.70617,2012-03-26,7,5.81250,2012-04-23,7,0.78571,2012-04-23,7
1167004,2855,6.93056,2012-03-29,7,0.72434,2012-03-29,7,5.33333,2012-04-26,7,0.97598,2012-04-26,7
1167005,2855,8.22523,2012-03-26,7,0.85684,2012-03-26,7,6.66667,2012-04-23,7,0.69672,2012-04-23,7
1167006,2855,6.15517,2012-03-29,7,0.73827,2012-03-29,7,6.09375,2012-04-26,7,0.86472,2012-04-26,7
1167007,2855,6.83117,2012-03-26,7,0.64978,2012-03-26,7,6.65574,2012-04-23,7,0.70697,2012-04-23,7
1167008,2855,6.70270,2012-03-29,7,0.61426,2012-03-29,7,7.55814,2012-04-26,7,0.91262,2012-04-26,7
1167009,2857,7.09524,2012-03-26,7,0.66551,2012-03-26,7,6.77273,2012-04-23,7,0.83007,2012-04-23,7
1167010,2857,7.42500,2012-03-29,7,0.72191,2012-03-29,7,5.84615,2012-04-26,7,0.82895,2012-04-26,7
1167011,2857,7.17544,2012-03-26,7,0.78571,2012-03-26,7,5.72500,2012-04-23,7,0.81818,2012-04-23,7
1167012,2857,6.90476,2012-03-29,7,0.73049,2012-03-29,7,6.21739,2012-04-26,7,0.87912,2012-04-26,7
1167013,2857,7.26515,2012-03-26,7,0.63960,2012-03-26,7,6.11111,2012-04-23,7,0.69829,2012-04-23,7
1167014,2857,8.40789,2012-03-29,7,0.69938,2012-03-29,7,6.33871,2012-04-26,7,0.81527,2012-04-26,7
1167015,2858,6.61207,2012-03-26,7,0.63824,2012-03-26,7,6.79661,2012-04-23,7,0.76339,2012-04-23,7
1167016,2858,7.41758,2012-03-29,7,0.70874,2012-03-29,7,6.42647,2012-04-26,7,0.80568,2012-04-26,7
1167017,2858,6.64179,2012-03-26,7,0.75904,2012-03-26,7,7.65217,2012-04-23,7,0.78731,2012-04-23,7
1167018,2858,8.17391,2012-03-29,7,0.77708,2012-03-29,7,6.53425,2012-04-26,7,0.82618,2012-04-26,7
1167019,2858,6.36364,2012-03-26,7,0.64031,2012-03-26,7,6.75862,2012-04-23,7,0.67203,2012-04-23,7
1167020,2858,7.72603,2012-03-29,7,0.66262,2012-03-29,7,6.75362,2012-04-26,7,0.71275,2012-04-26,7
1167021,2674,6.76316,2012-03-26,7,0.71336,2012-03-26,7,5.93421,2012-04-23,7,0.99469,2012-04-23,7
1167022,2674,6.91946,2012-03-29,7,0.66067,2012-03-29,7,5.48387,2012-04-26,7,0.84242,2012-04-26,7
1167023,2674,7.00000,2012-03-26,7,0.63861,2012-03-26,7,6.22667,2012-04-23,7,0.80000,2012-04-23,7
1167024,2674,7.50000,2012-03-29,7,0.75672,2012-03-29,7,5.30769,2012-04-26,7,0.81159,2012-04-26,7
1167025,2674,6.33663,2012-03-26,7,0.56499,2012-03-26,7,7.50847,2012-04-23,7,0.75147,2012-04-23,7
1167026,2674,7.98750,2012-03-29,7,0.73263,2012-03-29,7,7.18000,2012-04-26,7,0.75182,2012-04-26,7
1167027,2863,8.76190,2012-03-26,7,0.61568,2012-03-26,7,5.93590,2012-04-23,7,0.81568,2012-04-23,7
1167028,2863,7.75342,2012-03-29,7,0.72607,2012-03-29,7,6.25333,2012-04-26,7,0.93698,2012-04-26,7
1167029,2863,9.31429,2012-03-26,7,0.89815,2012-03-26,7,6.87912,2012-04-23,7,0.85056,2012-04-23,7
1167030,2863,8.44318,2012-03-29,7,0.80368,2012-03-29,7,6.74000,2012-04-26,7,0.87500,2012-04-26,7
1167031,2863,7.60920,2012-03-26,7,0.58316,2012-03-26,7,8.82500,2012-04-23,7,0.71871,2012-04-23,7
1167032,2863,8.32143,2012-03-29,7,0.63929,2012-03-29,7,7.93893,2012-04-26,7,0.86737,2012-04-26,7
1167033,2854,7.56436,2012-03-26,7,0.88165,2012-03-26,7,6.79882,2012-04-23,7,0.77348,2012-04-23,7
1167034,2854,6.25882,2012-03-29,7,0.62256,2012-03-29,7,5.30120,2012-04-26,7,0.86441,2012-04-26,7
1167035,2854,8.20809,2012-03-26,7,0.83635,2012-03-26,7,6.27368,2012-04-23,7,0.76723,2012-04-23,7
1167036,2854,7.30952,2012-03-29,7,0.72109,2012-03-29,7,5.59649,2012-04-26,7,0.83439,2012-04-26,7
1167037,2854,7.47283,2012-03-26,7,0.89013,2012-03-26,7,6.47475,2012-04-23,7,0.64524,2012-04-23,7
1167038,2854,7.28676,2012-03-29,7,0.66589,2012-03-29,7,5.58537,2012-04-26,7,0.75200,2012-04-26,7
1167039,2862,8.02532,2012-03-26,7,0.62712,2012-03-26,7,7.17021,2012-04-23,7,0.80481,2012-04-23,7
1167040,2862,8.70370,2012-03-29,7,0.69256,2012-03-29,7,5.30000,2012-04-26,7,0.86869,2012-04-26,7
1167041,2862,7.55682,2012-03-26,7,0.72762,2012-03-26,7,5.39474,2012-04-23,7,0.86305,2012-04-23,7
1167042,2862,8.61957,2012-03-29,7,0.76612,2012-03-29,7,4.96939,2012-04-26,7,0.87025,2012-04-26,7
1167043,2862,6.54167,2012-03-26,7,0.50379,2012-03-26,7,7.42857,2012-04-23,7,0.63380,2012-04-23,7
1167044,2862,8.20732,2012-03-29,7,0.65667,2012-03-29,7,6.86667,2012-04-26,7,0.74830,2012-04-26,7
1167045,2860,7.75796,2012-03-26,7,0.74144,2012-03-26,7,6.19841,2012-04-23,7,0.81064,2012-04-23,7
1167046,2860,6.87586,2012-03-29,7,0.73448,2012-03-29,7,5.21687,2012-04-26,7,0.88384,2012-04-26,7
1167047,2860,7.57798,2012-03-26,7,0.75000,2012-03-26,7,6.20690,2012-04-23,7,0.87283,2012-04-23,7
1167048,2860,8.91964,2012-03-29,7,0.79055,2012-03-29,7,4.63566,2012-04-26,7,0.80446,2012-04-26,7
1167049,2860,7.83178,2012-03-26,7,0.66758,2012-03-26,7,6.67105,2012-04-23,7,0.62691,2012-04-23,7
1167050,2860,7.26316,2012-03-29,7,0.63231,2012-03-29,7,6.38983,2012-04-26,7,0.79899,2012-04-26,7
1167051,2859,8.45455,2012-03-26,7,0.64567,2012-03-26,7,5.89109,2012-04-23,7,0.71182,2012-04-23,7
1167052,2859,6.17910,2012-03-29,7,0.60984,2012-03-29,7,4.70588,2012-04-26,7,0.78750,2012-04-26,7
1167053,2859,9.12950,2012-03-26,7,0.73712,2012-03-26,7,5.71014,2012-04-23,7,0.72870,2012-04-23,7
1167054,2859,8.25490,2012-03-29,7,0.75356,2012-03-29,7,5.36364,2012-04-26,7,0.82286,2012-04-26,7
1167055,2859,7.26846,2012-03-26,7,0.53494,2012-03-26,7,8.55556,2012-04-23,7,0.60932,2012-04-23,7
1167056,2859,8.07767,2012-03-29,7,0.62899,2012-03-29,7,7.94828,2012-04-26,7,0.74630,2012-04-26,7
1167057,2856,6.86667,2012-03-26,7,0.66667,2012-03-26,7,6.27397,2012-04-23,7,0.80544,2012-04-23,7
1167058,2856,7.23656,2012-03-29,7,0.73604,2012-03-29,7,4.72059,2012-04-26,7,0.80831,2012-04-26,7
1167059,2856,6.47312,2012-03-26,7,0.71690,2012-03-26,7,5.91935,2012-04-23,7,0.75216,2012-04-23,7
1167060,2856,7.46512,2012-03-29,7,0.76584,2012-03-29,7,5.79032,2012-04-26,7,0.85100,2012-04-26,7
1167061,2856,6.46099,2012-03-26,7,0.55316,2012-03-26,7,8.33981,2012-04-23,7,0.67925,2012-04-23,7
1167062,2856,8.08451,2012-03-29,7,0.62875,2012-03-29,7,10.17021,2012-04-26,7,0.81861,2012-04-26,7
1167063,2861,7.86957,2012-03-26,7,0.68324,2012-03-26,7,6.63636,2012-04-23,7,0.74781,2012-04-23,7
1167064,2861,7.37302,2012-03-29,7,0.68457,2012-03-29,7,8.39706,2012-04-26,7,0.87024,2012-04-26,7
1167065,2861,7.11864,2012-03-26,7,0.70508,2012-03-26,7,8.45283,2012-04-23,7,0.84402,2012-04-23,7
1167066,2861,7.44000,2012-03-29,7,0.71556,2012-03-29,7,5.47541,2012-04-26,7,0.78000,2012-04-26,7
1167067,2861,6.45122,2012-03-26,7,0.55322,2012-03-26,7,7.36264,2012-04-23,7,0.64120,2012-04-23,7
1167068,2861,7.87356,2012-03-29,7,0.67647,2012-03-29,7,7.40952,2012-04-26,7,0.76390,2012-04-26,7
1167069,2869,7.42748,2012-03-26,7,0.68068,2012-03-26,7,7.16505,2012-04-23,7,0.75957,2012-04-23,7
1167070,2869,6.27711,2012-03-29,7,0.72039,2012-03-29,7,6.38411,2012-04-26,7,0.87419,2012-04-26,7
1167071,2869,6.85455,2012-03-26,7,0.64789,2012-03-26,7,7.01042,2012-04-23,7,0.80139,2012-04-23,7
1167072,2869,7.42268,2012-03-29,7,0.75791,2012-03-29,7,5.96552,2012-04-26,7,0.80447,2012-04-26,7
1167073,2869,6.57143,2012-03-26,7,0.63744,2012-03-26,7,6.94667,2012-04-23,7,0.68092,2012-04-23,7
1167074,2869,7.95041,2012-03-29,7,0.68263,2012-03-29,7,8.26549,2012-04-26,7,0.93295,2012-04-26,7
1167075,2878,7.78049,2012-03-26,7,0.61504,2012-03-26,7,6.28689,2012-04-23,7,0.76603,2012-04-23,7
1167076,2878,8.68548,2012-03-29,7,0.77796,2012-03-29,7,5.01042,2012-04-26,7,0.83153,2012-04-26,7
1167077,2878,7.28378,2012-03-26,7,0.69196,2012-03-26,7,6.70400,2012-04-23,7,0.84545,2012-04-23,7
1167078,2878,6.43478,2012-03-29,7,0.70225,2012-03-29,7,5.05634,2012-04-26,7,0.78904,2012-04-26,7
1167079,2878,6.68478,2012-03-26,7,0.60814,2012-03-26,7,7.64815,2012-04-23,7,0.68511,2012-04-23,7
1167080,2878,8.29915,2012-03-29,7,0.68760,2012-03-29,7,9.80000,2012-04-26,7,0.81181,2012-04-26,7
1167081,2879,6.86408,2012-03-26,7,0.61759,2012-03-26,7,6.40299,2012-04-23,7,0.73131,2012-04-23,7
1167082,2879,7.26966,2012-03-29,7,0.62767,2012-03-29,7,5.62637,2012-04-26,7,0.88260,2012-04-26,7
1167083,2879,7.41228,2012-03-26,7,0.80507,2012-03-26,7,6.79310,2012-04-23,7,0.84422,2012-04-23,7
1167084,2879,8.38356,2012-03-29,7,0.79440,2012-03-29,7,6.29268,2012-04-26,7,0.85771,2012-04-26,7
1167085,2879,6.62500,2012-03-26,7,0.54336,2012-03-26,7,8.50000,2012-04-23,7,0.69388,2012-04-23,7
1167086,2879,7.63542,2012-03-29,7,0.66702,2012-03-29,7,7.80822,2012-04-26,7,0.77054,2012-04-26,7
1167087,2877,7.45161,2012-03-26,7,0.67283,2012-03-26,7,6.60000,2012-04-23,7,0.77447,2012-04-23,7
1167088,2877,7.54887,2012-03-29,7,0.78468,2012-03-29,7,6.05155,2012-04-26,7,0.82770,2012-04-26,7
1167089,2877,7.36885,2012-03-26,7,0.76627,2012-03-26,7,7.06557,2012-04-23,7,0.81319,2012-04-23,7
1167090,2877,7.10753,2012-03-29,7,0.65741,2012-03-29,7,6.45588,2012-04-26,7,0.84222,2012-04-26,7
1167091,2877,7.50926,2012-03-26,7,0.65701,2012-03-26,7,8.03046,2012-04-23,7,0.69181,2012-04-23,7
1167092,2877,8.04800,2012-03-29,7,0.66742,2012-03-29,7,7.96154,2012-04-26,7,0.79560,2012-04-26,7
1167093,2881,7.01053,2012-03-26,7,0.61730,2012-03-26,7,6.88136,2012-04-23,7,0.82033,2012-04-23,7
1167094,2881,8.83453,2012-03-29,7,0.82563,2012-03-29,7,6.28283,2012-04-26,7,0.82104,2012-04-26,7
1167095,2881,9.03780,2012-03-26,7,0.91296,2012-03-26,7,6.39394,2012-04-23,7,0.84360,2012-04-23,7
1167096,2881,6.93519,2012-03-29,7,0.68410,2012-03-29,7,5.15854,2012-04-26,7,0.86329,2012-04-26,7
1167097,2881,7.57065,2012-03-26,7,0.77749,2012-03-26,7,7.59375,2012-04-23,7,0.75808,2012-04-23,7
1167098,2881,7.40310,2012-03-29,7,0.68719,2012-03-29,7,7.52632,2012-04-26,7,0.79692,2012-04-26,7
1167099,2880,7.59524,2012-03-26,7,0.69077,2012-03-26,7,6.27957,2012-04-23,7,0.76719,2012-04-23,7
1167100,2880,6.43750,2012-03-29,7,0.70502,2012-03-29,7,6.00000,2012-04-26,7,0.85627,2012-04-26,7
1167101,2880,7.38182,2012-03-26,7,0.71341,2012-03-26,7,5.92593,2012-04-23,7,0.83473,2012-04-23,7
1167102,2880,6.89286,2012-03-29,7,0.74661,2012-03-29,7,5.33333,2012-04-26,7,0.85903,2012-04-26,7
1167103,2880,7.50000,2012-03-26,7,0.69166,2012-03-26,7,6.28829,2012-04-23,7,0.70723,2012-04-23,7
1167104,2880,6.79832,2012-03-29,7,0.66282,2012-03-29,7,6.87619,2012-04-26,7,0.79510,2012-04-26,7
1167105,2882,6.69853,2012-03-26,7,0.58623,2012-03-26,7,6.86628,2012-04-23,7,0.86609,2012-04-23,7
1167106,2882,6.38571,2012-03-29,7,0.67563,2012-03-29,7,5.32609,2012-04-26,7,0.81224,2012-04-26,7
1167107,2882,8.11765,2012-03-26,7,0.70678,2012-03-26,7,10.46429,2012-04-23,7,0.85761,2012-04-23,7
1167108,2882,7.58333,2012-03-29,7,0.66069,2012-03-29,7,5.61429,2012-04-26,7,0.86828,2012-04-26,7
1167109,2882,7.36893,2012-03-26,7,0.56020,2012-03-26,7,7.09877,2012-04-23,7,0.69382,2012-04-23,7
1167111,2675,7.37349,2012-03-26,7,0.67821,2012-03-26,7,7.02041,2012-04-23,7,0.76823,2012-04-23,7
1167112,2675,6.41463,2012-03-29,7,0.65103,2012-03-29,7,6.32877,2012-04-26,7,0.81723,2012-04-26,7
1167113,2675,7.33333,2012-03-26,7,0.78675,2012-03-26,7,6.83784,2012-04-23,7,0.77419,2012-04-23,7
1167114,2675,7.87342,2012-03-29,7,0.73978,2012-03-29,7,6.61017,2012-04-26,7,0.79759,2012-04-26,7
1167115,2675,6.33036,2012-03-26,7,0.59167,2012-03-26,7,6.81250,2012-04-23,7,0.70378,2012-04-23,7
1167116,2675,7.80769,2012-03-29,7,0.70800,2012-03-29,7,7.75472,2012-04-26,7,0.86788,2012-04-26,7
1167117,1,7.35106,2012-03-26,7,0.68463,2012-03-26,7,7.16667,2012-04-23,7,0.81901,2012-04-23,7
1167118,1,7.75397,2012-03-29,7,0.70447,2012-03-29,7,5.72368,2012-04-26,7,0.80493,2012-04-26,7
1167119,1,9.04167,2012-03-26,7,0.78217,2012-03-26,7,4.16561,2012-04-23,7,0.82285,2012-04-23,7
1167120,1,8.22430,2012-03-29,7,0.80021,2012-03-29,7,6.20930,2012-04-26,7,0.86822,2012-04-26,7
1167121,1,7.83708,2012-03-26,7,0.61496,2012-03-26,7,8.82243,2012-04-23,7,0.79412,2012-04-23,7
1167122,1,8.91667,2012-03-29,7,0.69682,2012-03-29,7,8.51852,2012-04-26,7,0.77040,2012-04-26,7
1167133,2853,7.09091,2012-03-26,7,0.52687,2012-03-26,7,6.87805,2012-04-23,7,0.68857,2012-04-23,7
1167134,2853,8.42254,2012-03-29,7,0.63571,2012-03-29,7,7.00000,2012-04-26,7,0.76031,2012-04-26,7
1167135,2853,8.36879,2012-03-26,7,0.71067,2012-03-26,7,6.91071,2012-04-23,7,0.79952,2012-04-23,7
1167136,2853,7.65909,2012-03-29,7,0.71463,2012-03-29,7,6.14179,2012-04-26,7,0.83414,2012-04-26,7
1167137,2853,7.03008,2012-03-26,7,0.48873,2012-03-26,7,6.36842,2012-04-23,7,0.59045,2012-04-23,7
1167138,2853,6.78788,2012-03-29,7,0.62829,2012-03-29,7,7.03077,2012-04-26,7,0.75385,2012-04-26,7
1167139,2853,7.50847,2012-03-26,7,0.64053,2012-03-26,7,7.01316,2012-04-23,7,0.80035,2012-04-23,7
1167140,2853,7.81250,2012-03-29,7,0.70142,2012-03-29,7,5.23077,2012-04-26,7,0.77103,2012-04-26,7
1167141,2853,8.54545,2012-03-26,7,0.68839,2012-03-26,7,7.05618,2012-04-23,7,0.79499,2012-04-23,7
1167142,2853,8.71111,2012-03-29,7,0.80046,2012-03-29,7,5.50575,2012-04-26,7,0.81159,2012-04-26,7
1167143,2853,6.41414,2012-03-26,7,0.50093,2012-03-26,7,7.30909,2012-04-23,7,0.62635,2012-04-23,7
1167144,2853,6.76147,2012-03-29,7,0.56987,2012-03-29,7,7.81132,2012-04-26,7,0.74280,2012-04-26,7
1167145,2867,6.94937,2012-03-29,7,0.69733,2012-03-29,7,6.29091,2012-04-26,7,0.81972,2012-04-26,7
1167146,2867,7.98361,2012-03-26,7,0.76619,2012-03-26,7,5.22581,2012-04-23,7,0.79635,2012-04-23,7
1167147,2867,6.81061,2012-03-29,7,0.68543,2012-03-29,7,7.95312,2012-04-26,7,0.86914,2012-04-26,7
1167148,2867,5.93750,2012-03-26,7,0.53637,2012-03-26,7,6.10606,2012-04-23,7,0.55795,2012-04-23,7
1167149,2867,6.33333,2012-03-29,7,0.67638,2012-03-29,7,8.38144,2012-04-26,7,0.76989,2012-04-26,7
1167150,2882,7.87050,2012-03-29,7,0.61297,2012-03-29,7,9.00000,2012-04-26,7,0.69402,2012-04-26,7
1213759,2878,7.91465,2012-07-23,7,0.91772,2012-07-23,7,NA,NA,NA,NA,NA
1213761,2878,7.60079,2012-07-23,7,0.83594,2012-07-23,7,NA,NA,NA,NA,NA
1213763,2878,7.21264,2012-07-23,7,0.65542,2012-07-23,7,NA,NA,NA,NA,NA
1213765,2878,7.34322,2012-07-23,7,0.83366,2012-07-23,7,NA,NA,NA,NA,NA
1213767,2878,7.83838,2012-07-23,7,0.82260,2012-07-23,7,NA,NA,NA,NA,NA
1213769,2878,8.03165,2012-07-23,7,0.85924,2012-07-23,7,NA,NA,NA,NA,NA
1213771,2877,6.88802,2012-07-23,7,0.72561,2012-07-23,7,NA,NA,NA,NA,NA
1213773,2877,7.73921,2012-07-23,7,0.81047,2012-07-23,7,NA,NA,NA,NA,NA
1213775,2877,7.29770,2012-07-23,7,0.72239,2012-07-23,7,NA,NA,NA,NA,NA
1213777,2877,7.78276,2012-07-23,7,0.85708,2012-07-23,7,NA,NA,NA,NA,NA
1213779,2877,7.44013,2012-07-23,7,0.77920,2012-07-23,7,NA,NA,NA,NA,NA
1213781,2877,8.40708,2012-07-23,7,0.81135,2012-07-23,7,NA,NA,NA,NA,NA
1213783,2879,5.20606,2012-07-23,7,0.60173,2012-07-23,7,NA,NA,NA,NA,NA
1213785,2879,6.42648,2012-07-23,7,0.73785,2012-07-23,7,NA,NA,NA,NA,NA
1213787,2879,6.55111,2012-07-23,7,0.67770,2012-07-23,7,NA,NA,NA,NA,NA
1213789,2879,7.52627,2012-07-23,7,0.79426,2012-07-23,7,NA,NA,NA,NA,NA
1213791,2879,6.76248,2012-07-23,7,0.77989,2012-07-23,7,NA,NA,NA,NA,NA
1213793,2879,7.30681,2012-07-23,7,0.85598,2012-07-23,7,NA,NA,NA,NA,NA
1213795,2869,7.43740,2012-07-23,7,0.72741,2012-07-23,7,NA,NA,NA,NA,NA
1213797,2869,7.08661,2012-07-23,7,0.72633,2012-07-23,7,NA,NA,NA,NA,NA
1213799,2869,6.69748,2012-07-23,7,0.75333,2012-07-23,7,NA,NA,NA,NA,NA
1213801,2869,7.40741,2012-07-23,7,0.91399,2012-07-23,7,NA,NA,NA,NA,NA
1213803,2869,8.23875,2012-07-23,7,0.81136,2012-07-23,7,NA,NA,NA,NA,NA
1213805,2869,6.62816,2012-07-23,7,0.63503,2012-07-23,7,NA,NA,NA,NA,NA
1213807,2881,8.21029,2012-07-23,7,0.91071,2012-07-23,7,NA,NA,NA,NA,NA
1213809,2881,7.02703,2012-07-23,7,0.87868,2012-07-23,7,NA,NA,NA,NA,NA
1213811,2881,6.93548,2012-07-23,7,0.86348,2012-07-23,7,NA,NA,NA,NA,NA
1213813,2881,7.42355,2012-07-23,7,0.80695,2012-07-23,7,NA,NA,NA,NA,NA
1213815,2881,7.14674,2012-07-23,7,0.76974,2012-07-23,7,NA,NA,NA,NA,NA
1213817,2881,6.94171,2012-07-23,7,0.82283,2012-07-23,7,NA,NA,NA,NA,NA
1213819,2880,8.59621,2012-07-23,7,0.75180,2012-07-23,7,NA,NA,NA,NA,NA
1213821,2880,7.68961,2012-07-23,7,0.79371,2012-07-23,7,NA,NA,NA,NA,NA
1213823,2880,7.27077,2012-07-23,7,0.82419,2012-07-23,7,NA,NA,NA,NA,NA
1213825,2880,7.72938,2012-07-23,7,0.90525,2012-07-23,7,NA,NA,NA,NA,NA
1213827,2880,6.80657,2012-07-23,7,0.82393,2012-07-23,7,NA,NA,NA,NA,NA
1213829,2880,7.30286,2012-07-23,7,0.73878,2012-07-23,7,NA,NA,NA,NA,NA
1213831,2882,7.59461,2012-07-23,7,0.69274,2012-07-23,7,NA,NA,NA,NA,NA
1213833,2882,7.11834,2012-07-23,7,0.76247,2012-07-23,7,NA,NA,NA,NA,NA
1213835,2882,7.88968,2012-07-23,7,0.76985,2012-07-23,7,NA,NA,NA,NA,NA
1213837,2882,7.02500,2012-07-23,7,0.76025,2012-07-23,7,NA,NA,NA,NA,NA
1213839,2882,8.66734,2012-07-23,7,0.77485,2012-07-23,7,NA,NA,NA,NA,NA
1213841,2882,5.85409,2012-07-23,7,0.81603,2012-07-23,7,NA,NA,NA,NA,NA
1213843,2854,6.72811,2012-07-23,7,0.73204,2012-07-23,7,NA,NA,NA,NA,NA
1213845,2854,6.74196,2012-07-23,7,0.75788,2012-07-23,7,NA,NA,NA,NA,NA
1213847,2854,6.98492,2012-07-23,7,0.74683,2012-07-23,7,NA,NA,NA,NA,NA
1213849,2854,7.03827,2012-07-23,7,0.81386,2012-07-23,7,NA,NA,NA,NA,NA
1213851,2854,7.92094,2012-07-23,7,0.80024,2012-07-23,7,NA,NA,NA,NA,NA
1213853,2854,7.46562,2012-07-23,7,0.70607,2012-07-23,7,NA,NA,NA,NA,NA
1213855,2862,7.22875,2012-07-23,7,0.69155,2012-07-23,7,NA,NA,NA,NA,NA
1213857,2862,7.04183,2012-07-23,7,0.82804,2012-07-23,7,NA,NA,NA,NA,NA
1213859,2862,6.75774,2012-07-23,7,0.69002,2012-07-23,7,NA,NA,NA,NA,NA
1213861,2862,7.42553,2012-07-23,7,0.80965,2012-07-23,7,NA,NA,NA,NA,NA
1213863,2862,7.34962,2012-07-23,7,0.75944,2012-07-23,7,NA,NA,NA,NA,NA
1213865,2862,7.74194,2012-07-23,7,0.67217,2012-07-23,7,NA,NA,NA,NA,NA
1213867,2860,6.87608,2012-07-23,7,0.95523,2012-07-23,7,NA,NA,NA,NA,NA
1213869,2860,7.98986,2012-07-23,7,0.85443,2012-07-23,7,NA,NA,NA,NA,NA
1213871,2860,7.58166,2012-07-23,7,0.98120,2012-07-23,7,NA,NA,NA,NA,NA
1213873,2860,6.45455,2012-07-23,7,0.77670,2012-07-23,7,NA,NA,NA,NA,NA
1213875,2860,8.05399,2012-07-23,7,0.79774,2012-07-23,7,NA,NA,NA,NA,NA
1213877,2860,7.10953,2012-07-23,7,0.88994,2012-07-23,7,NA,NA,NA,NA,NA
1213879,2859,6.91138,2012-07-23,7,0.83941,2012-07-23,7,NA,NA,NA,NA,NA
1213881,2859,7.46231,2012-07-23,7,0.76200,2012-07-23,7,NA,NA,NA,NA,NA
1213883,2859,7.75964,2012-07-23,7,0.72768,2012-07-23,7,NA,NA,NA,NA,NA
1213885,2859,8.08179,2012-07-23,7,0.78772,2012-07-23,7,NA,NA,NA,NA,NA
1213887,2859,7.95848,2012-07-23,7,0.76242,2012-07-23,7,NA,NA,NA,NA,NA
1213889,2859,6.79070,2012-07-23,7,0.67541,2012-07-23,7,NA,NA,NA,NA,NA
1213891,2856,8.68654,2012-07-23,7,0.81052,2012-07-23,7,NA,NA,NA,NA,NA
1213893,2856,6.11543,2012-07-23,7,0.73756,2012-07-23,7,NA,NA,NA,NA,NA
1213895,2856,7.83316,2012-07-23,7,0.80860,2012-07-23,7,NA,NA,NA,NA,NA
1213897,2856,7.50405,2012-07-23,7,0.82521,2012-07-23,7,NA,NA,NA,NA,NA
1213899,2856,7.55731,2012-07-23,7,0.79416,2012-07-23,7,NA,NA,NA,NA,NA
1213901,2856,6.42648,2012-07-23,7,0.67445,2012-07-23,7,NA,NA,NA,NA,NA
1213903,2675,6.99627,2012-07-23,7,0.65942,2012-07-23,7,NA,NA,NA,NA,NA
1213905,2675,6.88057,2012-07-23,7,0.84395,2012-07-23,7,NA,NA,NA,NA,NA
1213907,2675,7.06587,2012-07-23,7,0.71819,2012-07-23,7,NA,NA,NA,NA,NA
1213909,2675,6.33578,2012-07-23,7,0.72278,2012-07-23,7,NA,NA,NA,NA,NA
1213911,2675,7.04545,2012-07-23,7,0.84624,2012-07-23,7,NA,NA,NA,NA,NA
1213913,2675,7.10884,2012-07-23,7,0.77380,2012-07-23,7,NA,NA,NA,NA,NA
1213915,2861,7.28866,2012-07-23,7,0.67255,2012-07-23,7,NA,NA,NA,NA,NA
1213917,2861,8.56392,2012-07-23,7,0.85711,2012-07-23,7,NA,NA,NA,NA,NA
1213919,2861,7.04197,2012-07-23,7,0.66678,2012-07-23,7,NA,NA,NA,NA,NA
1213921,2861,7.88087,2012-07-23,7,0.81539,2012-07-23,7,NA,NA,NA,NA,NA
1213923,2861,7.01592,2012-07-23,7,0.76158,2012-07-23,7,NA,NA,NA,NA,NA
1213925,2861,4.90301,2012-07-23,7,0.61779,2012-07-23,7,NA,NA,NA,NA,NA
1213927,2871,5.36344,2012-07-23,7,0.53096,2012-07-23,7,NA,NA,NA,NA,NA
1213929,2871,7.94239,2012-07-23,7,0.77730,2012-07-23,7,NA,NA,NA,NA,NA
1213931,2871,7.34875,2012-07-23,7,0.76930,2012-07-23,7,NA,NA,NA,NA,NA
1213933,2871,8.02734,2012-07-23,7,0.80169,2012-07-23,7,NA,NA,NA,NA,NA
1213935,2871,7.79716,2012-07-23,7,0.78969,2012-07-23,7,NA,NA,NA,NA,NA
1213937,2871,6.55362,2012-07-23,7,0.88465,2012-07-23,7,NA,NA,NA,NA,NA
1213939,2673,7.32394,2012-07-23,7,0.77884,2012-07-23,7,NA,NA,NA,NA,NA
1213941,2673,6.83499,2012-07-23,7,0.82951,2012-07-23,7,NA,NA,NA,NA,NA
1213943,2673,7.43590,2012-07-23,7,0.77503,2012-07-23,7,NA,NA,NA,NA,NA
1213945,2673,6.77043,2012-07-23,7,0.80321,2012-07-23,7,NA,NA,NA,NA,NA
1213947,2673,7.60263,2012-07-23,7,0.82212,2012-07-23,7,NA,NA,NA,NA,NA
1213949,2673,8.03797,2012-07-23,7,0.83798,2012-07-23,7,NA,NA,NA,NA,NA
1213951,2864,8.87453,2012-07-23,7,0.96525,2012-07-23,7,NA,NA,NA,NA,NA
1213953,2864,7.06704,2012-07-23,7,0.73494,2012-07-23,7,NA,NA,NA,NA,NA
1213955,2864,7.50927,2012-07-23,7,0.82786,2012-07-23,7,NA,NA,NA,NA,NA
1213957,2864,7.89821,2012-07-23,7,0.90931,2012-07-23,7,NA,NA,NA,NA,NA
1213959,2864,7.81529,2012-07-23,7,0.83594,2012-07-23,7,NA,NA,NA,NA,NA
1213961,2864,8.81414,2012-07-23,7,0.80171,2012-07-23,7,NA,NA,NA,NA,NA
1213963,2866,7.87460,2012-07-23,7,0.68318,2012-07-23,7,NA,NA,NA,NA,NA
1213965,2866,6.44603,2012-07-23,7,0.72980,2012-07-23,7,NA,NA,NA,NA,NA
1213967,2866,6.99601,2012-07-23,7,0.64408,2012-07-23,7,NA,NA,NA,NA,NA
1213969,2866,7.59036,2012-07-23,7,0.84343,2012-07-23,7,NA,NA,NA,NA,NA
1213971,2866,7.71056,2012-07-23,7,0.82500,2012-07-23,7,NA,NA,NA,NA,NA
1213973,2866,6.48908,2012-07-23,7,0.66263,2012-07-23,7,NA,NA,NA,NA,NA
1213975,2867,6.86912,2012-07-23,7,0.78402,2012-07-23,7,NA,NA,NA,NA,NA
1213977,2867,7.71144,2012-07-23,7,0.76043,2012-07-23,7,NA,NA,NA,NA,NA
1213979,2867,6.77733,2012-07-23,7,0.88799,2012-07-23,7,NA,NA,NA,NA,NA
1213981,2867,6.16900,2012-07-23,7,0.79484,2012-07-23,7,NA,NA,NA,NA,NA
1213983,2867,6.79171,2012-07-23,7,0.74577,2012-07-23,7,NA,NA,NA,NA,NA
1213985,2867,6.36957,2012-07-23,7,0.81608,2012-07-23,7,NA,NA,NA,NA,NA
1213987,2876,7.35984,2012-07-23,7,0.86425,2012-07-23,7,NA,NA,NA,NA,NA
1213989,2876,6.90227,2012-07-23,7,0.82048,2012-07-23,7,NA,NA,NA,NA,NA
1213991,2876,7.19577,2012-07-23,7,0.65908,2012-07-23,7,NA,NA,NA,NA,NA
1213993,2876,7.02723,2012-07-23,7,0.87315,2012-07-23,7,NA,NA,NA,NA,NA
1213995,2876,5.87940,2012-07-23,7,0.80849,2012-07-23,7,NA,NA,NA,NA,NA
1213997,2876,7.81961,2012-07-23,7,0.82145,2012-07-23,7,NA,NA,NA,NA,NA
1213999,2873,7.60653,2012-07-23,7,0.69929,2012-07-23,7,NA,NA,NA,NA,NA
1214001,2873,7.73498,2012-07-23,7,0.79027,2012-07-23,7,NA,NA,NA,NA,NA
1214003,2873,8.33426,2012-07-23,7,0.79855,2012-07-23,7,NA,NA,NA,NA,NA
1214005,2873,7.54795,2012-07-23,7,0.78878,2012-07-23,7,NA,NA,NA,NA,NA
1214007,2873,7.99110,2012-07-23,7,0.77871,2012-07-23,7,NA,NA,NA,NA,NA
1214009,2873,7.58053,2012-07-23,7,0.71027,2012-07-23,7,NA,NA,NA,NA,NA
1214011,2853,7.05012,2012-07-23,7,0.74729,2012-07-23,7,NA,NA,NA,NA,NA
1214013,2853,6.80354,2012-07-23,7,0.71593,2012-07-23,7,NA,NA,NA,NA,NA
1214015,2853,7.72694,2012-07-23,7,0.79490,2012-07-23,7,NA,NA,NA,NA,NA
1214017,2853,7.51873,2012-07-23,7,0.82593,2012-07-23,7,NA,NA,NA,NA,NA
1214019,2853,8.01863,2012-07-23,7,0.78279,2012-07-23,7,NA,NA,NA,NA,NA
1214021,2853,7.21899,2012-07-23,7,0.67359,2012-07-23,7,NA,NA,NA,NA,NA
1214023,2872,6.73132,2012-07-23,7,0.74925,2012-07-23,7,NA,NA,NA,NA,NA
1214025,2872,5.71076,2012-07-23,7,0.70404,2012-07-23,7,NA,NA,NA,NA,NA
1214027,2872,7.30337,2012-07-23,7,0.93970,2012-07-23,7,NA,NA,NA,NA,NA
1214029,2872,7.27566,2012-07-23,7,0.79078,2012-07-23,7,NA,NA,NA,NA,NA
1214031,2872,7.13652,2012-07-23,7,0.86821,2012-07-23,7,NA,NA,NA,NA,NA
1214033,2872,6.60788,2012-07-23,7,0.69791,2012-07-23,7,NA,NA,NA,NA,NA
1214035,2874,7.05678,2012-07-23,7,0.67998,2012-07-23,7,NA,NA,NA,NA,NA
1214037,2874,8.58156,2012-07-23,7,0.75229,2012-07-23,7,NA,NA,NA,NA,NA
1214039,2874,7.31812,2012-07-23,7,0.80177,2012-07-23,7,NA,NA,NA,NA,NA
1214041,2874,7.02312,2012-07-23,7,0.77936,2012-07-23,7,NA,NA,NA,NA,NA
1214043,2874,10.04950,2012-07-23,7,0.88680,2012-07-23,7,NA,NA,NA,NA,NA
1214045,2874,7.03911,2012-07-23,7,0.84125,2012-07-23,7,NA,NA,NA,NA,NA
1214047,2865,7.05285,2012-07-23,7,0.60615,2012-07-23,7,NA,NA,NA,NA,NA
1214049,2865,7.11902,2012-07-23,7,0.78800,2012-07-23,7,NA,NA,NA,NA,NA
1214051,2865,7.16083,2012-07-23,7,0.85531,2012-07-23,7,NA,NA,NA,NA,NA
1214053,2865,7.45146,2012-07-23,7,0.89455,2012-07-23,7,NA,NA,NA,NA,NA
1214055,2865,6.46789,2012-07-23,7,0.78490,2012-07-23,7,NA,NA,NA,NA,NA
1214057,2865,7.28906,2012-07-23,7,0.72392,2012-07-23,7,NA,NA,NA,NA,NA
1214059,1,8.13607,2012-07-23,7,0.74579,2012-07-23,7,NA,NA,NA,NA,NA
1214061,1,7.85649,2012-07-23,7,0.85834,2012-07-23,7,NA,NA,NA,NA,NA
1214063,1,7.81457,2012-07-23,7,0.72589,2012-07-23,7,NA,NA,NA,NA,NA
1214065,1,8.84393,2012-07-23,7,0.83921,2012-07-23,7,NA,NA,NA,NA,NA
1214067,1,8.61423,2012-07-23,7,0.83974,2012-07-23,7,NA,NA,NA,NA,NA
1214069,1,8.07992,2012-07-23,7,0.75321,2012-07-23,7,NA,NA,NA,NA,NA
1214071,2868,8.25147,2012-07-23,7,0.75931,2012-07-23,7,NA,NA,NA,NA,NA
1214073,2868,7.88328,2012-07-23,7,0.87103,2012-07-23,7,NA,NA,NA,NA,NA
1214075,2868,15.81436,2012-07-23,3,0.90723,2012-07-23,7,NA,NA,NA,NA,NA
1214077,2868,8.17308,2012-07-23,7,0.81441,2012-07-23,7,NA,NA,NA,NA,NA
1214079,2868,7.14656,2012-07-23,7,0.78344,2012-07-23,7,NA,NA,NA,NA,NA
1214081,2868,8.62299,2012-07-23,7,0.78681,2012-07-23,7,NA,NA,NA,NA,NA
1214083,2875,7.22755,2012-07-23,7,0.62043,2012-07-23,7,NA,NA,NA,NA,NA
1214085,2875,6.18542,2012-07-23,7,0.81529,2012-07-23,7,NA,NA,NA,NA,NA
1214087,2875,6.66262,2012-07-23,7,0.61671,2012-07-23,7,NA,NA,NA,NA,NA
1214089,2875,6.29164,2012-07-23,7,0.78656,2012-07-23,7,NA,NA,NA,NA,NA
1214091,2875,6.66944,2012-07-23,7,0.78047,2012-07-23,7,NA,NA,NA,NA,NA
1214093,2875,6.91745,2012-07-23,7,0.66678,2012-07-23,7,NA,NA,NA,NA,NA
1214095,2870,7.92620,2012-07-23,7,0.70432,2012-07-23,7,NA,NA,NA,NA,NA
1214097,2870,9.51841,2012-07-23,7,0.79613,2012-07-23,7,NA,NA,NA,NA,NA
1214099,2870,6.88852,2012-07-23,7,0.82900,2012-07-23,7,NA,NA,NA,NA,NA
1214101,2870,6.96616,2012-07-23,7,0.76393,2012-07-23,7,NA,NA,NA,NA,NA
1214103,2870,8.97260,2012-07-23,7,0.75389,2012-07-23,7,NA,NA,NA,NA,NA
1214105,2870,6.98722,2012-07-23,7,0.75175,2012-07-23,7,NA,NA,NA,NA,NA
1214107,2674,8.02893,2012-07-23,7,0.78573,2012-07-23,7,NA,NA,NA,NA,NA
1214109,2674,6.49746,2012-07-23,7,0.77284,2012-07-23,7,NA,NA,NA,NA,NA
1214111,2674,8.02054,2012-07-23,7,0.93469,2012-07-23,7,NA,NA,NA,NA,NA
1214113,2674,7.47206,2012-07-23,7,0.80962,2012-07-23,7,NA,NA,NA,NA,NA
1214115,2674,6.87743,2012-07-23,7,0.73307,2012-07-23,7,NA,NA,NA,NA,NA
1214117,2674,7.40428,2012-07-23,7,0.81839,2012-07-23,7,NA,NA,NA,NA,NA
1214119,2858,7.28771,2012-07-23,7,0.76843,2012-07-23,7,NA,NA,NA,NA,NA
1214121,2858,6.80680,2012-07-23,7,0.79833,2012-07-23,7,NA,NA,NA,NA,NA
1214123,2858,7.33582,2012-07-23,7,0.77807,2012-07-23,7,NA,NA,NA,NA,NA
1214125,2858,6.61017,2012-07-23,7,0.79759,2012-07-23,7,NA,NA,NA,NA,NA
1214127,2858,7.09321,2012-07-23,7,0.74431,2012-07-23,7,NA,NA,NA,NA,NA
1214129,2858,7.12803,2012-07-23,7,0.79310,2012-07-23,7,NA,NA,NA,NA,NA
1214131,2855,7.21569,2012-07-23,7,0.78175,2012-07-23,7,NA,NA,NA,NA,NA
1214133,2855,8.37669,2012-07-23,7,0.88957,2012-07-23,7,NA,NA,NA,NA,NA
1214135,2855,7.07865,2012-07-23,7,0.83231,2012-07-23,7,NA,NA,NA,NA,NA
1214137,2855,6.25162,2012-07-23,7,0.83502,2012-07-23,7,NA,NA,NA,NA,NA
1214139,2855,7.16418,2012-07-23,7,0.87431,2012-07-23,7,NA,NA,NA,NA,NA
1214141,2855,8.39286,2012-07-23,7,0.85244,2012-07-23,7,NA,NA,NA,NA,NA
1214143,2863,7.25322,2012-07-23,7,0.77349,2012-07-23,7,NA,NA,NA,NA,NA
1214145,2863,8.03620,2012-07-23,7,0.80362,2012-07-23,7,NA,NA,NA,NA,NA
1214147,2863,7.68641,2012-07-23,7,0.82184,2012-07-23,7,NA,NA,NA,NA,NA
1214149,2863,8.31899,2012-07-23,7,0.88056,2012-07-23,7,NA,NA,NA,NA,NA
1214151,2863,6.43018,2012-07-23,7,0.81288,2012-07-23,7,NA,NA,NA,NA,NA
1214153,2863,7.57433,2012-07-23,7,0.71494,2012-07-23,7,NA,NA,NA,NA,NA
1214155,2857,6.72500,2012-07-23,7,0.77365,2012-07-23,7,NA,NA,NA,NA,NA
1214157,2857,7.73071,2012-07-23,7,0.84598,2012-07-23,7,NA,NA,NA,NA,NA
1214159,2857,6.22555,2012-07-23,7,0.76051,2012-07-23,7,NA,NA,NA,NA,NA
1214161,2857,7.34201,2012-07-23,7,0.89040,2012-07-23,7,NA,NA,NA,NA,NA
1214163,2857,8.61371,2012-07-23,7,0.87787,2012-07-23,7,NA,NA,NA,NA,NA
